"","word"
"1","BigData"
"2","Analytics"
"3","DataScience"
"4","AI"
"5","MachineLearning"
"6","NLProc"
"7","IoT"
"8","IIo"
"9","MachineLearning"
"10","NLProc"
"11","DEVCommuni"
"12","MachineLearning"
"13","NLProc"
"14","DEVCommuni"
"15","BigData"
"16","Analytics"
"17","DataScience"
"18","AI"
"19","MachineLearning"
"20","NLProc"
"21","IoT"
"22","MachineLearning"
"23","NLProc"
"24","DEVCommuni"
"25","BigData"
"26","Analytics"
"27","DataScience"
"28","AI"
"29","MachineLearning"
"30","NLProc"
"31","BigData"
"32","Analytics"
"33","DataScience"
"34","AI"
"35","MachineLearning"
"36","NLProc"
"37","BigData"
"38","Analytics"
"39","DataScience"
"40","AI"
"41","MachineLearning"
"42","IoT"
"43","IIoT"
"44","Python"
"45","RStats"
"46","BigData"
"47","Analytics"
"48","DataScience"
"49","AI"
"50","MachineLearning"
"51","IoT"
"52","IIoT"
"53","Python"
"54","RStat"
"55","BigData"
"56","Analytics"
"57","DataScience"
"58","IoT"
"59","IIoT"
"60","PyTorch"
"61","Python"
"62","RStats"
"63","TensorF"
"64","BigData"
"65","Analytics"
"66","DataScience"
"67","IoT"
"68","IIoT"
"69","PyTorch"
"70","Python"
"71","RStats"
"72","TensorF"
"73","BigData"
"74","Analytics"
"75","DataScience"
"76","IoT"
"77","IIoT"
"78","PyTorch"
"79","Python"
"80","RStats"
"81","TensorF"
"82","MachineLearning"
"83","AI"
"84","BigData"
"85","ArtificialIntell"
"86","computerscience"
"87","computerengineering"
"88","ITSec"
"89","cybersecurity"
"90","infose"
"91","MachineLearning"
"92","AI"
"93","BigData"
"94","ArtificialInt"
"95","ReinforcementLearning"
"96","Algorithms"
"97","AI"
"98","BigData"
"99","MachineLearning"
"100","Artifici"
"101","Machinelearning"
"102","BigData"
"103","Analytics"
"104","DataScience"
"105","AI"
"106","MachineLearning"
"107","IoT"
"108","IIoT"
"109","Python"
"110","RStat"
"111","BigData"
"112","Analytics"
"113","DataScience"
"114","AI"
"115","MachineLearning"
"116","IoT"
"117","IIoT"
"118","Python"
"119","RStat"
"120","BigData"
"121","Analytics"
"122","DataScience"
"123","AI"
"124","MachineLearning"
"125","IoT"
"126","IIoT"
"127","Python"
"128","RStats"
"129","MachineLearning"
"130","AI"
"131","BigData"
"132","ArtificialIntell"
"133","BigData"
"134","Analytics"
"135","DataScience"
"136","AI"
"137","MachineLearning"
"138","IoT"
"139","IIoT"
"140","Python"
"141","RStat"
"142","BigData"
"143","Analytics"
"144","DataScience"
"145","AI"
"146","MachineLearning"
"147","IoT"
"148","IIoT"
"149","Python"
"150","RStats"
"151","BigData"
"152","Analytics"
"153","DataScience"
"154","AI"
"155","MachineLearning"
"156","IoT"
"157","IIoT"
"158","Python"
"159","RStats"
"160","BigData"
"161","Analytics"
"162","DataScience"
"163","AI"
"164","MachineLearning"
"165","IoT"
"166","IIoT"
"167","Python"
"168","BigData"
"169","Analytics"
"170","DataScience"
"171","AI"
"172","MachineLearning"
"173","IoT"
"174","IIoT"
"175","Python"
"176","ReinforcementLearning"
"177","Algorithms"
"178","AI"
"179","BigData"
"180","MachineLearning"
"181","Artifici"
"182","Algorithms"
"183","BigData"
"184","Analytics"
"185","DataScience"
"186","AI"
"187","MachineLearning"
"188","IoT"
"189","IIoT"
"190","Python"
"191","RStats"
"192","AI"
"193","MachineLearning"
"194","DeepLearning"
"195","MachineLearning"
"196","AI"
"197","BigData"
"198","ArtificialIntell"
"199","MachineLearning"
"200","AI"
"201","BigData"
"202","ArtificialIntell"
"203","artificialintelligence"
"204","datascience"
"205","machinelearning"
"206","BigData"
"207","IoT"
"208","Python"
"209","RStats"
"210","Java"
"211","JavaScrip"
"212","AI"
"213","AIBootcamp"
"214","AI"
"215","MachineLearning"
"216","DeepLearning"
"217","computervision"
"218","CloudComputing"
"219","Python"
"220","JavaScri"
"221","MachineLearning"
"222","AI"
"223","BigData"
"224","ArtificialIntell"
"225","MachineLearning"
"226","AI"
"227","BigData"
"228","ArtificialInt"
"229","computervision"
"230","CloudComputing"
"231","Python"
"232","R"
"233","Linux"
"234","DeepLearning"
"235","AI"
"236","programming"
"237","BigData"
"238","MachineLearning"
"239","BigData"
"240","Analytics"
"241","DataScience"
"242","IoT"
"243","IIoT"
"244","PyTorch"
"245","Python"
"246","RStats"
"247","Tensor"
"248","MachineLearning"
"249","NLProc"
"250","DEVCommuni"
"251","MachineLearning"
"252","NLProc"
"253","DEVCommuni"
"254","DataScience"
"255","ArtificialIntelligence"
"256","MachineLearning"
"257","BigData"
"258","IoT"
"259","RStats"
"260","JavaScript"
"261","R"
"262","Linux"
"263","DeepLearning"
"264","AI"
"265","programming"
"266","BigData"
"267","MachineLearning"
"268","R"
"269","Linux"
"270","DeepLearning"
"271","AI"
"272","programming"
"273","BigData"
"274","MachineLearning"
"275","R"
"276","Linux"
"277","DeepLearning"
"278","AI"
"279","programming"
"280","BigData"
"281","MachineLearning"
"282","AI"
"283","MachineLearning"
"284","password"
"285","infosec"
"286","datasecurity"
"287","DataScience"
"288","ArtificialIntelligence"
"289","MachineLearning"
"290","BigData"
"291","IoT"
"292","JavaScript"
"293","A"
"294","datascience"
"295","intoAInews"
"296","BigData"
"297","Analytics"
"298","DataScience"
"299","AI"
"300","MachineL"
"301","ReinforcementLearning"
"302","Algorithms"
"303","AI"
"304","BigData"
"305","MachineLearning"
"306","Artifici"
"307","disruptive"
"308","BigData"
"309","Anal"
"310","ReinforcementLearning"
"311","Algorithms"
"312","AI"
"313","BigData"
"314","MachineLearning"
"315","Artifici"
"316","disruptive"
"317","BigData"
"318","Anal"
"319","BigData"
"320","Analyt"
"321","ReinforcementLearning"
"322","Algorithms"
"323","AI"
"324","BigData"
"325","MachineLearning"
"326","Artif"
"327","ReinforcementLearning"
"328","Algorithms"
"329","AI"
"330","BigData"
"331","MachineLearning"
"332","Artifici"
"333","ReinforcementLearning"
"334","Algorithms"
"335","AI"
"336","BigData"
"337","MachineLearning"
"338","Artifici"
"339","mobile"
"340","telco"
"341","tech"
"342","DigitalTransformation"
"343","password"
"344","infosec"
"345","datasecurity"
"346","DataScience"
"347","ArtificialIntelligence"
"348","MachineLearning"
"349","BigData"
"350","IoT"
"351","JavaScript"
"352","A"
"353","Kotlin"
"354","Flutter"
"355","BigData"
"356","Analytics"
"357","DataScience"
"358","AI"
"359","MachineLearning"
"360","Android"
"361","iOS"
"362","IoT"
"363","IIoT"
"364","Python"
"365","RStat"
"366","MachineLearning"
"367","AI"
"368","BigData"
"369","ArtificialIntell"
"370","MachineLearning"
"371","AI"
"372","BigData"
"373","ArtificialIntell"
"374","MachineLearning"
"375","AI"
"376","BigData"
"377","ArtificialIntell"
"378","bigdata"
"379","DataScience"
"380","MachineLearning"
"381","AI"
"382","BigData"
"383","ArtificialInt"
"384","DataScience"
"385","programmingjoke"
"386","code"
"387","coding"
"388","javascript"
"389","python"
"390","datascience"
"391","programming"
"392","programmer"
"393","joke"
"394","MachineLearning"
"395","AI"
"396","BigData"
"397","MachineLearning"
"398","AI"
"399","BigData"
"400","computervision"
"401","CloudComputing"
"402","Python"
"403","JavaScri"
"404","R"
"405","Linux"
"406","DeepLearning"
"407","AI"
"408","programming"
"409","BigData"
"410","MachineLearning"
"411","R"
"412","Linux"
"413","DeepLearning"
"414","AI"
"415","programming"
"416","BigData"
"417","MachineLearning"
"418","computervision"
"419","CloudComputing"
"420","Python"
"421","JavaScri"
"422","python"
"423","javascript"
"424","angular"
"425","reactjs"
"426","vuej"
"427","MachineLearning"
"428","NLProc"
"429","DEVComm"
"430","MachineLearning"
"431","NLProc"
"432","DEVComm"
"433","MachineLearning"
"434","NLProc"
"435","DEVComm"
"436","CodeNewbie"
"437","DEVCommunity"
"438","javascript"
"439","Py"
"440","R"
"441","Linux"
"442","DeepLearning"
"443","AI"
"444","programming"
"445","BigData"
"446","MachineLearning"
"447","computervision"
"448","CloudComputing"
"449","Python"
"450","JavaScri"
"451","R"
"452","Linux"
"453","DeepLearning"
"454","AI"
"455","programming"
"456","BigData"
"457","MachineLearning"
"458","computervision"
"459","CloudComputing"
"460","Python"
"461","JavaScri"
"462","computervision"
"463","CloudComputing"
"464","Python"
"465","JavaScri"
"466","ReinforcementLearning"
"467","Algorithms"
"468","AI"
"469","BigData"
"470","MachineLearning"
"471","Artifici"
"472","ReinforcementLearning"
"473","Algorithms"
"474","AI"
"475","BigData"
"476","MachineLearning"
"477","Artifici"
"478","mobile"
"479","telco"
"480","tech"
"481","DigitalTransformation"
"482","ReinforcementLearning"
"483","Algorithms"
"484","AI"
"485","BigData"
"486","MachineLearning"
"487","Artif"
"488","ReinforcementLearning"
"489","Algorithms"
"490","AI"
"491","BigData"
"492","MachineLearning"
"493","Artif"
"494","Books"
"495","BigData"
"496","Analytics"
"497","DataScience"
"498","MachineLearning"
"499","AI"
"500","IoT"
"501","IIoT"
"502","Python"
"503","RStats"
"504","TensorF"
"505","computervision"
"506","CloudComputing"
"507","Python"
"508","JavaScri"
"509","password"
"510","infosec"
"511","datasecurity"
"512","DataScience"
"513","ArtificialIntelligence"
"514","MachineLearning"
"515","BigData"
"516","IoT"
"517","JavaScript"
"518","A"
"519","R"
"520","Linux"
"521","DeepLearning"
"522","AI"
"523","programming"
"524","BigData"
"525","MachineLearning"
"526","ScienceDesDonn"
"527","IntelligenceArtific"
"528","programmingjoke"
"529","code"
"530","coding"
"531","javascript"
"532","python"
"533","datascience"
"534","programming"
"535","programmer"
"536","joke"
"537","DataScience"
"538","BigData"
"539","DataAnalytics"
"540","IIoT"
"541","RStats"
"542","TensorFlow"
"543","JavaScript"
"544","ReactJS"
"545","CloudComputing"
"546","Serve"
"547","ArtificialIntelligence"
"548","Linux"
"549","ML"
"550","DataScience"
"551","programming"
"552","DeepLearning"
"553","AI"
"554","MachineLear"
"555","BigData"
"556","Analytics"
"557","DataScience"
"558","AI"
"559","Mac"
"560","BigData"
"561","Analytics"
"562","DataScience"
"563","AI"
"564","Mac"
"565","BigData"
"566","Analytics"
"567","DataScience"
"568","AI"
"569","Mac"
"570","R"
"571","Linux"
"572","DeepLearning"
"573","AI"
"574","programming"
"575","BigData"
"576","MachineLearning"
"577","Python"
"578","ud"
"579","R"
"580","Linux"
"581","DeepLearning"
"582","AI"
"583","programming"
"584","BigData"
"585","NeuralNetworks"
"586","BigData"
"587","Analytics"
"588","DataScience"
"589","AI"
"590","MachineLearning"
"591","IoT"
"592","IIoT"
"593","PyT"
"594","NeuralNetworks"
"595","BigData"
"596","Analytics"
"597","DataScience"
"598","AI"
"599","MachineLearning"
"600","IoT"
"601","IIoT"
"602","PyT"
"603","CodeNewbie"
"604","DEVCommunity"
"605","javascript"
"606","Py"
"607","computervision"
"608","CloudComputing"
"609","Python"
"610","JavaScri"
"611","startup"
"612","tech"
"613","startups"
"614","DEVCommunity"
"615","Codi"
"616","startup"
"617","tech"
"618","startups"
"619","DEVCommunity"
"620","Codi"
"621","computervision"
"622","CloudComputing"
"623","Python"
"624","ReinforcementLearning"
"625","Algorithms"
"626","AI"
"627","BigData"
"628","MachineLearning"
"629","Artifici"
"630","ReinforcementLearning"
"631","Algorithms"
"632","AI"
"633","BigData"
"634","MachineLearning"
"635","Artif"
"636","ReinforcementLearning"
"637","Algorithms"
"638","AI"
"639","BigData"
"640","MachineLearning"
"641","Artifici"
"642","ReinforcementLearning"
"643","Algorithms"
"644","AI"
"645","BigData"
"646","MachineLearning"
"647","Artifici"
"648","ReinforcementLearning"
"649","Algorithms"
"650","AI"
"651","BigData"
"652","MachineLearning"
"653","ReinforcementLearning"
"654","Algorithms"
"655","AI"
"656","BigData"
"657","MachineLearning"
"658","Money"
"659","bigdata"
"660","Finance"
"661","banking"
"662","AI"
"663","programmingjoke"
"664","code"
"665","coding"
"666","javascript"
"667","python"
"668","datascience"
"669","programming"
"670","programmer"
"671","joke"
"672","TensorFlow"
"673","BigData"
"674","Analytics"
"675","DataScience"
"676","IoT"
"677","IIoT"
"678","PyTorch"
"679","Python"
"680","RStats"
"681","Java"
"682","Ja"
"683","NLP"
"684","Keras"
"685","MachineLearning"
"686","DataScienc"
"687","bigdata"
"688","AI"
"689","IoT"
"690","Tech"
"691","Data"
"692","USA"
"693","Lin"
"694","TensorFlow"
"695","BigData"
"696","Analytics"
"697","DataScience"
"698","IoT"
"699","IIoT"
"700","PyTorch"
"701","Python"
"702","RStats"
"703","Java"
"704","Ja"
"705","mining"
"706","mining"
"707","Bitcoin"
"708","Ethereum"
"709","bigdata"
"710","AI"
"711","IoT"
"712","Tech"
"713","D"
"714","DataScience"
"715","Immunotherapy"
"716","NLP"
"717","Keras"
"718","MachineLearning"
"719","DataScienc"
"720","password"
"721","infosec"
"722","datasecurity"
"723","DataScience"
"724","ArtificialIntelligence"
"725","MachineLearning"
"726","BigData"
"727","IoT"
"728","JavaScript"
"729","A"
"730","programmingjoke"
"731","code"
"732","coding"
"733","javascript"
"734","python"
"735","datascience"
"736","programming"
"737","programmer"
"738","joke"
"739","Ecommerce"
"740","programmingjoke"
"741","code"
"742","coding"
"743","javascript"
"744","python"
"745","datascience"
"746","programming"
"747","programmer"
"748","joke"
"749","Ecommerce"
"750","ArtificialIntelligence"
"751","Linux"
"752","ML"
"753","DataScience"
"754","programming"
"755","DeepLearning"
"756","AI"
"757","MachineLear"
"758","BigData"
"759","Analytics"
"760","DataScience"
"761","IoT"
"762","IIoT"
"763","PyTorch"
"764","Python"
"765","RStats"
"766","Tensor"
"767","MachineLearning"
"768","ArtificialIntelligence"
"769","DataScience"
"770","BigDa"
"771","MachineLearning"
"772","ArtificialIntelligence"
"773","DataScience"
"774","BigDa"
"775","MachineLearning"
"776","ArtificialIntelligence"
"777","DataScience"
"778","BigDa"
"779","NeuralNetworks"
"780","BigData"
"781","Analytics"
"782","DataScience"
"783","AI"
"784","MachineLearning"
"785","IoT"
"786","IIoT"
"787","PyT"
"788","NeuralNetworks"
"789","BigData"
"790","Analytics"
"791","DataScience"
"792","AI"
"793","MachineLearning"
"794","IoT"
"795","IIoT"
"796","PyT"
"797","NeuralNetworks"
"798","BigData"
"799","Analytics"
"800","DataScience"
"801","AI"
"802","MachineLearning"
"803","IoT"
"804","IIoT"
"805","PyT"
"806","NeuralNetworks"
"807","BigData"
"808","Analytics"
"809","DataScience"
"810","AI"
"811","MachineLearning"
"812","IoT"
"813","IIoT"
"814","PyT"
"815","NeuralNetworks"
"816","BigData"
"817","Analytics"
"818","DataScience"
"819","AI"
"820","MachineLearning"
"821","IoT"
"822","IIoT"
"823","PyT"
"824","NeuralNetworks"
"825","BigData"
"826","Analytics"
"827","DataScience"
"828","AI"
"829","MachineLearning"
"830","IoT"
"831","IIoT"
"832","PyT"
"833","NeuralNetworks"
"834","BigData"
"835","Analytics"
"836","DataScience"
"837","AI"
"838","MachineLearning"
"839","IoT"
"840","IIoT"
"841","PyT"
"842","CodeNew"
"843","infographic"
"844","Industry"
"845","DigitalTransformation"
"846","IoTPL"
"847","MachineLearning"
"848","BigData"
"849","Artif"
"850","Flutter"
"851","Linux"
"852","Cprogramming"
"853","Algorithm"
"854","DataStructures"
"855","R"
"856","AI"
"857","Python"
"858","ArtificialIntelligence"
"859","BigData"
"860","IoT"
"861","CloudComputing"
"862","programmi"
"863","Mac"
"864","MachineLearning"
"865","NLProc"
"866","DEVComm"
"867","Investor"
"868","startup"
"869","startups"
"870","funds"
"871","crowdfunding"
"872","funding"
"873","entrepreneur"
"874","KathieLeeGifford"
"875","love"
"876","God"
"877","bigdata"
"878","AI"
"879","IoT"
"880","Te"
"881","KathieLeeGifford"
"882","love"
"883","God"
"884","bigdata"
"885","AI"
"886","IoT"
"887","Te"
"888","ApacheSpark"
"889","BigData"
"890","Analytics"
"891","DataScience"
"892","Hadoop"
"893","IoT"
"894","IIoT"
"895","Python"
"896","TensorFlow"
"897","BigData"
"898","Analytics"
"899","DataScience"
"900","IoT"
"901","IIoT"
"902","PyTo"
"903","ApacheSpark"
"904","BigData"
"905","Analytics"
"906","DataScience"
"907","Hadoop"
"908","IoT"
"909","IIoT"
"910","Python"
"911","CloudComputing"
"912","blockchain"
"913","Serverless"
"914","AI"
"915","BigData"
"916","DataScience"
"917","JavaS"
"918","MachineLearning"
"919","NLProc"
"920","DEVComm"
"921","Python"
"922","BigData"
"923","Analytics"
"924","AI"
"925","DataScience"
"926","IoT"
"927","PyTorch"
"928","RStats"
"929","Java"
"930","TensorFlow"
"931","JavaSc"
"932","Python"
"933","BigData"
"934","Analytics"
"935","AI"
"936","DataScience"
"937","IoT"
"938","PyTorch"
"939","RStats"
"940","Java"
"941","TensorFlow"
"942","JavaSc"
"943","Infographics"
"944","BigData"
"945","DataScience"
"946","AI"
"947","MachineLearning"
"948","DataScientist"
"949","Python"
"950","BigData"
"951","Analytics"
"952","AI"
"953","DataScience"
"954","IoT"
"955","PyTorch"
"956","RStats"
"957","Java"
"958","TensorFlow"
"959","JavaSc"
"960","MachineLearning"
"961","NLProc"
"962","DEVComm"
"963","MachineLearning"
"964","NLProc"
"965","DEVComm"
"966","MachineLearning"
"967","NLProc"
"968","DEVCommuni"
"969","MachineLearning"
"970","NLProc"
"971","DEVCommuni"
"972","MachineLearning"
"973","NLProc"
"974","DEVComm"
"975","MachineLearning"
"976","NLProc"
"977","DEVComm"
"978","codeflaw"
"979","programmer"
"980","codedith"
"981","developer"
"982","MachineLearning"
"983","NLProc"
"984","DEVComm"
"985","MachineLearning"
"986","NLProc"
"987","MachineLearning"
"988","NLProc"
"989","javascript"
"990","webdevelopment"
"991","Nod"
"992","javascript"
"993","webdevelopment"
"994","Nod"
"995","BigData"
"996","Analytics"
"997","DataScience"
"998","AI"
"999","MachineLearning"
"1000","IoT"
"1001","IIoT"
"1002","PyTorch"
"1003","Py"
"1004","programmingjoke"
"1005","code"
"1006","coding"
"1007","javascript"
"1008","python"
"1009","datascience"
"1010","programming"
"1011","programmer"
"1012","joke"
"1013","ArtificialIntelligence"
"1014","AI"
"1015","MachineLearning"
"1016","DeepLearning"
"1017","Python"
"1018","DataScience"
"1019","BigData"
"1020","DataAnalytics"
"1021","Billing"
"1022","Software"
"1023","Business"
"1024","Innovation"
"1025","bigdata"
"1026","AI"
"1027","IoT"
"1028","BigData"
"1029","Analytics"
"1030","darknet"
"1031","I"
"1032","Tor"
"1033","Deepweb"
"1034","Darkweb"
"1035","Freenet"
"1036","BigData"
"1037","Analytics"
"1038","DataScience"
"1039","A"
"1040","TensorFlow"
"1041","BigData"
"1042","Analytics"
"1043","DataScience"
"1044","IoT"
"1045","IIoT"
"1046","PyTorch"
"1047","Python"
"1048","RStats"
"1049","Java"
"1050","JavaScr"
"1051","TensorFlow"
"1052","BigData"
"1053","Analytics"
"1054","DataScience"
"1055","IoT"
"1056","IIoT"
"1057","PyTorch"
"1058","Python"
"1059","RStats"
"1060","Java"
"1061","JavaScr"
"1062","TensorFlow"
"1063","BigData"
"1064","Analytics"
"1065","DataScience"
"1066","IoT"
"1067","IIoT"
"1068","PyTorch"
"1069","Python"
"1070","RStats"
"1071","Java"
"1072","JavaScr"
"1073","Investor"
"1074","startup"
"1075","startups"
"1076","funds"
"1077","tech"
"1078","crowdfunding"
"1079","funding"
"1080","entrepr"
"1081","ArtificialIntelligence"
"1082","Linux"
"1083","ML"
"1084","DataScience"
"1085","programming"
"1086","DeepLearning"
"1087","AI"
"1088","MachineLear"
"1089","R"
"1090","Linux"
"1091","DeepLearning"
"1092","AI"
"1093","programming"
"1094","BigData"
"1095","MachineLearning"
"1096","BigData"
"1097","Analytics"
"1098","DataScience"
"1099","DeepLearning"
"1100","Machi"
"1101","BigData"
"1102","Analytics"
"1103","DataScience"
"1104","AI"
"1105","MachineLearning"
"1106","IoT"
"1107","I"
"1108","BigData"
"1109","Analytics"
"1110","DataScience"
"1111","AI"
"1112","MachineLearning"
"1113","IoT"
"1114","I"
"1115","BigData"
"1116","Analytics"
"1117","DataScience"
"1118","AI"
"1119","MachineLearning"
"1120","IoT"
"1121","I"
"1122","BigData"
"1123","Analytics"
"1124","DataScience"
"1125","AI"
"1126","MachineLearning"
"1127","IoT"
"1128","I"
"1129","python"
"1130","javascript"
"1131","angular"
"1132","reactjs"
"1133","vuejs"
"1134","p"
"1135","BigData"
"1136","Analytics"
"1137","DataScience"
"1138","DeepLearning"
"1139","Ma"
"1140","BigData"
"1141","Analytics"
"1142","DataScience"
"1143","DeepLearning"
"1144","Ma"
"1145","JordynWoods"
"1146","leopard"
"1147","CelebS"
"1148","bigdata"
"1149","AI"
"1150","IoT"
"1151","Tech"
"1152","D"
"1153","TensorFlow"
"1154","MachineLearning"
"1155","AI"
"1156","DataScience"
"1157","BigData"
"1158","Analytics"
"1159","R"
"1160","python"
"1161","javascript"
"1162","angular"
"1163","reactjs"
"1164","python"
"1165","javascript"
"1166","angular"
"1167","reactjs"
"1168","Experimental"
"1169","COVID"
"1170","vaccine"
"1171","Chinese"
"1172","Residents"
"1173","bigdata"
"1174","AI"
"1175","Investor"
"1176","startup"
"1177","startups"
"1178","funds"
"1179","tech"
"1180","crowdfunding"
"1181","funding"
"1182","entrepr"
"1183","DataScience"
"1184","ArtificialIntelligence"
"1185","MachineLearning"
"1186","BigData"
"1187","IoT"
"1188","Python"
"1189","RStats"
"1190","Java"
"1191","JavaScript"
"1192","ReactJS"
"1193","Clo"
"1194","WomenWhoCode"
"1195","MachineLearning"
"1196","algorithm"
"1197","Python"
"1198","BigData"
"1199","Analytics"
"1200","DataScience"
"1201","BigData"
"1202","Analytics"
"1203","IoT"
"1204","IIoT"
"1205","Python"
"1206","RStats"
"1207","TensorFlow"
"1208","Java"
"1209","Ja"
"1210","programmingjoke"
"1211","code"
"1212","coding"
"1213","javascript"
"1214","python"
"1215","datascience"
"1216","programming"
"1217","programmer"
"1218","joke"
"1219","CodeNewbie"
"1220","DEVCommunity"
"1221","javascript"
"1222","Py"
"1223","cybersec"
"1224","DataScience"
"1225","ArtificialIntelligence"
"1226","MachineLearning"
"1227","BigData"
"1228","IoT"
"1229","Python"
"1230","RStats"
"1231","JavaScript"
"1232","Reac"
"1233","TensorFlow"
"1234","BigData"
"1235","Analytics"
"1236","DataScience"
"1237","AI"
"1238","MachineLearning"
"1239","IoT"
"1240","IIoT"
"1241","CP"
"1242","DataScience"
"1243","ArtificialIntelligence"
"1244","MachineLearning"
"1245","BigData"
"1246","IoT"
"1247","Python"
"1248","RStats"
"1249","Java"
"1250","JavaScript"
"1251","ReactJS"
"1252","Clo"
"1253","ScienceDesDonn"
"1254","IntelligenceArtific"
"1255","DataScience"
"1256","ArtificialIntelligence"
"1257","MachineLearning"
"1258","BigData"
"1259","IoT"
"1260","Python"
"1261","RStats"
"1262","Java"
"1263","JavaScript"
"1264","ReactJS"
"1265","Clo"
"1266","BigData"
"1267","Analytics"
"1268","DataScience"
"1269","AI"
"1270","MachineLearning"
"1271","IoT"
"1272","IIoT"
"1273","Python"
"1274","Tech"
"1275","Robotics"
"1276","Drones"
"1277","AI"
"1278","AR"
"1279","VR"
"1280","IoT"
"1281","technology"
"1282","ArtificialIntelligence"
"1283","ArtificialIntelligence"
"1284","Linux"
"1285","ML"
"1286","DataScience"
"1287","programming"
"1288","DeepLearning"
"1289","AI"
"1290","MachineLear"
"1291","Tech"
"1292","Robotics"
"1293","Drones"
"1294","AI"
"1295","AR"
"1296","VR"
"1297","IoT"
"1298","technology"
"1299","ArtificialIntelligence"
"1300","BigData"
"1301","Analytics"
"1302","DataScience"
"1303","AI"
"1304","MachineLearning"
"1305","IoT"
"1306","IIoT"
"1307","Python"
"1308","RStats"
"1309","Udemy"
"1310","ArtificialIntelligence"
"1311","Linux"
"1312","ML"
"1313","DataScience"
"1314","programming"
"1315","DeepLearning"
"1316","AI"
"1317","MachineLear"
"1318","Python"
"1319","ud"
"1320","Programming"
"1321","BigData"
"1322","Analytics"
"1323","DataScience"
"1324","AI"
"1325","MachineLearning"
"1326","IoT"
"1327","IIoT"
"1328","Python"
"1329","ML"
"1330","AI"
"1331","MachineLearning"
"1332","DataScience"
"1333","rstats"
"1334","reactjs"
"1335","serverless"
"1336","WomenWhoCode"
"1337","Linux"
"1338","BigData"
"1339","Analytics"
"1340","DataScience"
"1341","AI"
"1342","MachineLearning"
"1343","NLProc"
"1344","IoT"
"1345","I"
"1346","BigData"
"1347","Analytics"
"1348","DataScience"
"1349","IoT"
"1350","IIoT"
"1351","Python"
"1352","RStats"
"1353","TensorFlow"
"1354","BigData"
"1355","Analytics"
"1356","DataScience"
"1357","IoT"
"1358","IIoT"
"1359","Python"
"1360","RStats"
"1361","TensorFlow"
"1362","Marketing"
"1363","Customer"
"1364","bigdata"
"1365","AI"
"1366","IoT"
"1367","Tech"
"1368","Data"
"1369","U"
"1370","Marketing"
"1371","Customer"
"1372","bigdata"
"1373","AI"
"1374","IoT"
"1375","Tech"
"1376","Data"
"1377","U"
"1378","ArtificialIntelligence"
"1379","Linux"
"1380","ML"
"1381","DataScience"
"1382","programming"
"1383","DeepLearning"
"1384","AI"
"1385","MachineLear"
"1386","PredictiveAnalytics"
"1387","Forecasting"
"1388","BigData"
"1389","MachineL"
"1390","Penetration"
"1391","Testing"
"1392","Charities"
"1393","bigdata"
"1394","AI"
"1395","IoT"
"1396","Tech"
"1397","Data"
"1398","USA"
"1399","Penetration"
"1400","Testing"
"1401","Charities"
"1402","bigdata"
"1403","AI"
"1404","IoT"
"1405","Tech"
"1406","Data"
"1407","USA"
"1408","CodeNewbie"
"1409","DEVCommunity"
"1410","javascript"
"1411","Py"
"1412","DeepLearning"
"1413","Analytics"
"1414","DataScience"
"1415","bigdata"
"1416","AI"
"1417","IoT"
"1418","Tech"
"1419","Data"
"1420","USA"
"1421","Lin"
"1422","DeepLearning"
"1423","Analytics"
"1424","DataScience"
"1425","DataScience"
"1426","abdsc"
"1427","Rstats"
"1428","Stati"
"1429","DeepLearning"
"1430","Analytics"
"1431","DataScience"
"1432","LoveIpythonNotebooks"
"1433","LoveIpythonNotebooks"
"1434","mining"
"1435","mining"
"1436","Bitcoin"
"1437","Ethereum"
"1438","bigdata"
"1439","AI"
"1440","IoT"
"1441","Tech"
"1442","D"
"1443","Investor"
"1444","startup"
"1445","startups"
"1446","funds"
"1447","tech"
"1448","crowdfunding"
"1449","funding"
"1450","linda"
"1451","covid"
"1452","datascience"
"1453","rutte"
"1454","nederland"
"1455","Programming"
"1456","MachineLearning"
"1457","Algorithms"
"1458","BigData"
"1459","Analytics"
"1460","DataS"
"1461","Programming"
"1462","MachineLearning"
"1463","Algorithms"
"1464","BigData"
"1465","Analytics"
"1466","DataS"
"1467","Programming"
"1468","MachineLearning"
"1469","Algorithms"
"1470","BigData"
"1471","Analytics"
"1472","DataS"
"1473","Investor"
"1474","startup"
"1475","startups"
"1476","funds"
"1477","tech"
"1478","crowdfunding"
"1479","funding"
"1480","entrepr"
"1481","Investor"
"1482","startup"
"1483","startups"
"1484","funds"
"1485","tech"
"1486","crowdfunding"
"1487","funding"
"1488","BigData"
"1489","Analytics"
"1490","DataScience"
"1491","AI"
"1492","MachineLearning"
"1493","IoT"
"1494","IIoT"
"1495","Python"
"1496","RStats"
"1497","TensorFlow"
"1498","R"
"1499","Linux"
"1500","DeepLearning"
"1501","AI"
"1502","programming"
"1503","BigData"
"1504","MachineLearning"
"1505","BigData"
"1506","Analytics"
"1507","DataScience"
"1508","DeepLearning"
"1509","Machi"
"1510","Investor"
"1511","startup"
"1512","startups"
"1513","funds"
"1514","crowdfunding"
"1515","funding"
"1516","entrepreneur"
"1517","Investor"
"1518","startup"
"1519","startups"
"1520","funds"
"1521","crowdfunding"
"1522","funding"
"1523","entrepreneur"
"1524","CodeNew"
"1525","Linux"
"1526","Python"
"1527","AI"
"1528","programmin"
"1529","bigdata"
"1530","AI"
"1531","IoT"
"1532","Tech"
"1533","Data"
"1534","USA"
"1535","Linux"
"1536","UK"
"1537","javaScript"
"1538","FinTech"
"1539","dataScience"
"1540","dataScientist"
"1541","CodeNew"
"1542","DeepLearning"
"1543","Analytics"
"1544","DataScience"
"1545","DeepLearning"
"1546","Analytics"
"1547","DataScience"
"1548","Probability"
"1549","Statistics"
"1550","Python"
"1551","abdsc"
"1552","BigData"
"1553","DataSc"
"1554","Investor"
"1555","startup"
"1556","startups"
"1557","funds"
"1558","crowdfunding"
"1559","funding"
"1560","entrepreneur"
"1561","Investor"
"1562","startup"
"1563","startups"
"1564","funds"
"1565","crowdfunding"
"1566","funding"
"1567","entrepreneur"
"1568","Investor"
"1569","startup"
"1570","startups"
"1571","funds"
"1572","crowdfunding"
"1573","funding"
"1574","entrepreneur"
"1575","Investor"
"1576","startup"
"1577","startups"
"1578","funds"
"1579","crowdfunding"
"1580","funding"
"1581","DeepLearning"
"1582","Analytics"
"1583","DataScience"
"1584","aggregationalgorithms"
"1585","datascience"
"1586","humor"
"1587","keena"
"1588","GeoSpatial"
"1589","MachineIntelligence"
"1590","BigData"
"1591","Analytics"
"1592","DataScience"
"1593","AI"
"1594","MachineLearning"
"1595","IoT"
"1596","IIoT"
"1597","Pyt"
"1598","AI"
"1599","Machine"
"1600","crypto"
"1601","data"
"1602","api"
"1603","excel"
"1604","googlesh"
"1605","AI"
"1606","EmergingTech"
"1607","BigData"
"1608","Analytics"
"1609","DataScience"
"1610","AI"
"1611","MachineLearning"
"1612","Io"
"1613","Tech"
"1614","Robotics"
"1615","Drones"
"1616","AI"
"1617","AR"
"1618","VR"
"1619","IoT"
"1620","technology"
"1621","ArtificialIntelligence"
"1622","D"
"1623","BigData"
"1624","Analytics"
"1625","DataScience"
"1626","DeepLearning"
"1627","Machi"
"1628","Tech"
"1629","Robotics"
"1630","Drones"
"1631","AI"
"1632","AR"
"1633","VR"
"1634","IoT"
"1635","technology"
"1636","ArtificialIntelligence"
"1637","D"
"1638","AI"
"1639","aggregationalgorithms"
"1640","datascience"
"1641","humor"
"1642","BigData"
"1643","Analytics"
"1644","DataScience"
"1645","DeepLearning"
"1646","Machi"
"1647","BigData"
"1648","Analytics"
"1649","DataScience"
"1650","DeepLearning"
"1651","Machi"
"1652","BigData"
"1653","Analytics"
"1654","DataScience"
"1655","DeepLearning"
"1656","Machi"
"1657","rstats"
"1658","DataScience"
"1659","BigData"
"1660","Analytics"
"1661","DataScience"
"1662","DeepLearning"
"1663","Machi"
"1664","BigData"
"1665","Analytics"
"1666","DataScience"
"1667","DeepLearning"
"1668","Machi"
"1669","industrialengineering"
"1670","leanmanufacturing"
"1671","DeepLearning"
"1672","Analytics"
"1673","DataScience"
"1674","DeepLearning"
"1675","Analytics"
"1676","DataScience"
"1677","DeepLearning"
"1678","Analytics"
"1679","DataScience"
"1680","datascience"
"1681","Chatbot"
"1682","futureofwork"
"1683","emergingtech"
"1684","DataScience"
"1685","ArtificialIntelligence"
"1686","MachineLearning"
"1687","BigData"
"1688","IoT"
"1689","CloudComputing"
"1690","S"
"1691","AI"
"1692","AIBootcamp"
"1693","Chatbot"
"1694","futureofwork"
"1695","emergingtech"
"1696","DataScience"
"1697","ArtificialIntelligence"
"1698","MachineLearning"
"1699","BigData"
"1700","IoT"
"1701","CloudComputing"
"1702","S"
"1703","SymbolicConnection"
"1704","DataMyths"
"1705","datasc"
"1706","DataScientists"
"1707","AI"
"1708","AI"
"1709","Kubernetes"
"1710","IoT"
"1711","Python"
"1712","edtech"
"1713","DataScience"
"1714","AI"
"1715","Blockchain"
"1716","BigData"
"1717","Analytics"
"1718","DataScience"
"1719","AI"
"1720","MachineLearning"
"1721","IoT"
"1722","IIoT"
"1723","PyTorch"
"1724","Python"
"1725","RStat"
"1726","Kubernetes"
"1727","IoT"
"1728","Python"
"1729","edtech"
"1730","DataScience"
"1731","Blockchain"
"1732","BigData"
"1733","Analytics"
"1734","DataScience"
"1735","AI"
"1736","MachineLearning"
"1737","IoT"
"1738","IIoT"
"1739","PyTorch"
"1740","Python"
"1741","RStat"
"1742","Blockchain"
"1743","BigData"
"1744","Analytics"
"1745","DataScience"
"1746","AI"
"1747","MachineLearning"
"1748","IoT"
"1749","IIoT"
"1750","PyTorch"
"1751","Python"
"1752","RStat"
"1753","Blockchain"
"1754","BigData"
"1755","Analytics"
"1756","DataScience"
"1757","AI"
"1758","MachineLearning"
"1759","IoT"
"1760","IIoT"
"1761","PyTorch"
"1762","Python"
"1763","RStat"
"1764","Blockchain"
"1765","BigData"
"1766","Analytics"
"1767","DataScience"
"1768","AI"
"1769","MachineLearning"
"1770","IoT"
"1771","IIoT"
"1772","PyTorch"
"1773","Python"
"1774","RStat"
"1775","Algorithms"
"1776","hadoop"
"1777","datascience"
"1778","bigdata"
"1779","python"
"1780","machinelearning"
"1781","java"
"1782","artificialintelligence"
"1783","hadoop"
"1784","datascience"
"1785","bigdata"
"1786","python"
"1787","machinelearning"
"1788","java"
"1789","artificialintelligence"
"1790","CodeNewbie"
"1791","DEVCommunity"
"1792","javascript"
"1793","Py"
"1794","Algorithms"
"1795","Datascience"
"1796","Datascience"
"1797","Datascience"
"1798","Ecommerce"
"1799","RemoteWork"
"1800","FutureofWork"
"1801","HybridWork"
"1802","WFH"
"1803","DigitalTransformation"
"1804","D"
"1805","Mac"
"1806","Marketing"
"1807","Customer"
"1808","bigdata"
"1809","AI"
"1810","IoT"
"1811","Tech"
"1812","Data"
"1813","U"
"1814","BigData"
"1815","Analytics"
"1816","DataScience"
"1817","IoT"
"1818","IIoT"
"1819","Python"
"1820","RStats"
"1821","TensorFlow"
"1822","BigData"
"1823","Analytics"
"1824","DataScience"
"1825","IoT"
"1826","IIoT"
"1827","Python"
"1828","RStats"
"1829","TensorFlow"
"1830","BigData"
"1831","Analytics"
"1832","DataScience"
"1833","IoT"
"1834","IIoT"
"1835","Python"
"1836","RStats"
"1837","TensorFlow"
"1838","CodeNewbie"
"1839","DEVCommunity"
"1840","javascript"
"1841","Py"
"1842","Blockchain"
"1843","BigData"
"1844","Analytics"
"1845","DataScience"
"1846","AI"
"1847","MachineLearning"
"1848","IoT"
"1849","IIoT"
"1850","PyTorch"
"1851","Python"
"1852","RStat"
"1853","DataScience"
"1854","ArtificialIntelligence"
"1855","MachineLearning"
"1856","BigData"
"1857","IoT"
"1858","Python"
"1859","RStats"
"1860","Java"
"1861","JavaScript"
"1862","ReactJS"
"1863","Algorithms"
"1864","Algorithms"
"1865","Flutter"
"1866","iOS"
"1867","Swift"
"1868","XCode"
"1869","BigData"
"1870","Analytics"
"1871","DataScience"
"1872","AI"
"1873","MachineLe"
"1874","Programming"
"1875","BigData"
"1876","Analytics"
"1877","DataScience"
"1878","AI"
"1879","MachineLearning"
"1880","IoT"
"1881","IIoT"
"1882","Python"
"1883","Programming"
"1884","BigData"
"1885","Analytics"
"1886","DataScience"
"1887","AI"
"1888","MachineLearning"
"1889","IoT"
"1890","IIoT"
"1891","Python"
"1892","Insurtech"
"1893","DataScience"
"1894","ML"
"1895","DL"
"1896","Marketing"
"1897","Customer"
"1898","bigdata"
"1899","AI"
"1900","IoT"
"1901","Tech"
"1902","Data"
"1903","U"
"1904","SymbolicConnection"
"1905","DataMyths"
"1906","Udemy"
"1907","javascript"
"1908","programming"
"1909","dev"
"1910","linux"
"1911","java"
"1912","pro"
"1913","javascript"
"1914","programming"
"1915","dev"
"1916","linux"
"1917","java"
"1918","pro"
"1919","Money"
"1920","bigdata"
"1921","Finance"
"1922","banking"
"1923","AI"
"1924","DataScience"
"1925","ArtificialIntelligence"
"1926","MachineLearning"
"1927","BigData"
"1928","IoT"
"1929","Python"
"1930","RStats"
"1931","JavaScript"
"1932","ReactJS"
"1933","javascript"
"1934","programming"
"1935","dev"
"1936","linux"
"1937","java"
"1938","pro"
"1939","ColegioRebsamen"
"1940","KristenBell"
"1941","Shepard"
"1942","bigdata"
"1943","AI"
"1944","IoT"
"1945","Tech"
"1946","Data"
"1947","KristenBell"
"1948","Shepard"
"1949","bigdata"
"1950","AI"
"1951","IoT"
"1952","Tech"
"1953","Data"
"1954","KristenBell"
"1955","Shepard"
"1956","bigdata"
"1957","AI"
"1958","IoT"
"1959","Tech"
"1960","Data"
"1961","DataScience"
"1962","BigData"
"1963","Analytics"
"1964","DataScience"
"1965","AI"
"1966","MachineLearning"
"1967","IoT"
"1968","IIoT"
"1969","Python"
"1970","RT"
"1971","BigData"
"1972","Analytics"
"1973","DataScience"
"1974","AI"
"1975","MachineLearning"
"1976","BigData"
"1977","Analytics"
"1978","DataScience"
"1979","AI"
"1980","MachineLearning"
"1981","IoT"
"1982","IIoT"
"1983","Python"
"1984","DataScience"
"1985","BigData"
"1986","Analytics"
"1987","AI"
"1988","MachineLearning"
"1989","IoT"
"1990","IIoT"
"1991","Python"
"1992","RSt"
"1993","Programming"
"1994","BigData"
"1995","Analytics"
"1996","DataScience"
"1997","AI"
"1998","MachineLearning"
"1999","IoT"
"2000","IIoT"
"2001","Python"
"2002","IoT"
"2003","IoT"
"2004","flutter"
"2005","javascr"
"2006","programmingjoke"
"2007","code"
"2008","coding"
"2009","javascript"
"2010","python"
"2011","datascience"
"2012","programming"
"2013","programmer"
"2014","joke"
"2015","cybersec"
"2016","DataScience"
"2017","ArtificialIntelligence"
"2018","MachineLearning"
"2019","BigData"
"2020","IoT"
"2021","Python"
"2022","RStats"
"2023","JavaScript"
"2024","Reac"
"2025","DataScience"
"2026","BigData"
"2027","Analytics"
"2028","IoT"
"2029","IIoT"
"2030","Python"
"2031","RStats"
"2032","TensorFlow"
"2033","Java"
"2034","Ja"
"2035","DataScience"
"2036","BigData"
"2037","Analytics"
"2038","IoT"
"2039","IIoT"
"2040","Python"
"2041","RStats"
"2042","TensorFlow"
"2043","Java"
"2044","Ja"
"2045","Infographic"
"2046","BI"
"2047","QLIKVIEW"
"2048","BusinessIntelligence"
"2049","IoT"
"2050","DataScience"
"2051","BigData"
"2052","DataAnalytics"
"2053","IIoT"
"2054","RStats"
"2055","TensorFlow"
"2056","JavaScri"
"2057","Mac"
"2058","Mac"
"2059","Mac"
"2060","Mac"
"2061","Mac"
"2062","Mac"
"2063","Mac"
"2064","Mac"
"2065","USAFacts"
"2066","BigData"
"2067","DigitalTransformation"
"2068","DataScience"
"2069","NEET"
"2070","NEETRESULTS"
"2071","NEET"
"2072","BTS"
"2073","TRUMP"
"2074","Trump"
"2075","javascript"
"2076","codenewbie"
"2077","devcommunity"
"2078","codenewbies"
"2079","DigitalTransform"
"2080","BigData"
"2081","Analytics"
"2082","DataScience"
"2083","AI"
"2084","MachineLearning"
"2085","IoT"
"2086","IIoT"
"2087","Python"
"2088","BigData"
"2089","Analytics"
"2090","DataScience"
"2091","AI"
"2092","MachineLearning"
"2093","IoT"
"2094","IIoT"
"2095","Python"
"2096","BigData"
"2097","Analytics"
"2098","DataScience"
"2099","AI"
"2100","MachineLearning"
"2101","IoT"
"2102","IIoT"
"2103","Python"
"2104","AI"
"2105","DataScience"
"2106","BigData"
"2107","GPT"
"2108","GPT"
"2109","abdsc"
"2110","MachineLear"
"2111","Flutter"
"2112","iOS"
"2113","Swift"
"2114","XCode"
"2115","BigData"
"2116","Analytics"
"2117","DataScience"
"2118","AI"
"2119","MachineLe"
"2120","DataScience"
"2121","Books"
"2122","BigData"
"2123","Analytics"
"2124","MachineLearning"
"2125","AI"
"2126","IoT"
"2127","IIoT"
"2128","Python"
"2129","RStats"
"2130","JavaScript"
"2131","Tenso"
"2132","Experimental"
"2133","COVID"
"2134","vaccine"
"2135","Chinese"
"2136","Residents"
"2137","bigdata"
"2138","AI"
"2139","datasci"
"2140","Experimental"
"2141","COVID"
"2142","vaccine"
"2143","Chinese"
"2144","Residents"
"2145","bigdata"
"2146","AI"
"2147","Experimental"
"2148","COVID"
"2149","vaccine"
"2150","Chinese"
"2151","Residents"
"2152","bigdata"
"2153","AI"
"2154","Israel"
"2155","Tech"
"2156","cybersecurity"
"2157","edtech"
"2158","DataScience"
"2159","data"
"2160","Israel"
"2161","Tech"
"2162","cybersecurity"
"2163","edtech"
"2164","DataScience"
"2165","data"
"2166","datascience"
"2167","DataScience"
"2168","BigData"
"2169","DataAnalytics"
"2170","IIoT"
"2171","RStats"
"2172","TensorFlow"
"2173","JavaScri"
"2174","RT"
"2175","BigData"
"2176","Analytics"
"2177","DataScience"
"2178","AI"
"2179","MachineLearning"
"2180","RT"
"2181","BigData"
"2182","Analytics"
"2183","DataScience"
"2184","AI"
"2185","MachineLearning"
"2186","RT"
"2187","BigData"
"2188","Analytics"
"2189","DataScience"
"2190","AI"
"2191","MachineLearning"
"2192","programmingjoke"
"2193","code"
"2194","coding"
"2195","javascript"
"2196","python"
"2197","datascience"
"2198","programming"
"2199","programmer"
"2200","joke"
"2201","DataScientists"
"2202","DataScience"
"2203","Python"
"2204","DataScience"
"2205","Python"
"2206","MachineLearning"
"2207","Datascience"
"2208","Datascience"
"2209","DataScience"
"2210","MachineLearning"
"2211","TensorFlow"
"2212","MachineLearning"
"2213","AI"
"2214","DataScience"
"2215","BigData"
"2216","Analytics"
"2217","R"
"2218","Datascience"
"2219","Machinelearning"
"2220","IoT"
"2221","Python"
"2222","fl"
"2223","Trending"
"2224","tech"
"2225","technolo"
"2226","Datascience"
"2227","MachineLearning"
"2228","StockMarket"
"2229","ML"
"2230","stockmarkets"
"2231","stocks"
"2232","trading"
"2233","markets"
"2234","MachineLearning"
"2235","StockMarket"
"2236","ML"
"2237","stockmarkets"
"2238","stocks"
"2239","trading"
"2240","markets"
"2241","MachineLearning"
"2242","StockMarket"
"2243","ML"
"2244","stockmarkets"
"2245","stocks"
"2246","trading"
"2247","markets"
"2248","javascript"
"2249","javascript"
"2250","programming"
"2251","CodingTips"
"2252","CodeNewbie"
"2253","code"
"2254","DataScience"
"2255","J"
"2256","DataScientists"
"2257","python"
"2258","javascript"
"2259","angular"
"2260","reactjs"
"2261","vuejs"
"2262","p"
"2263","BigData"
"2264","Analytics"
"2265","DataScience"
"2266","DeepLearning"
"2267","Machi"
"2268","DataScience"
"2269","Analytics"
"2270","AI"
"2271","ML"
"2272","DL"
"2273","Io"
"2274","programmingjoke"
"2275","code"
"2276","coding"
"2277","javascript"
"2278","python"
"2279","datascience"
"2280","programming"
"2281","programmer"
"2282","joke"
"2283","OSHA"
"2284","COVID"
"2285","bigdata"
"2286","AI"
"2287","IoT"
"2288","Tech"
"2289","Data"
"2290","USA"
"2291","Linux"
"2292","U"
"2293","AWSLambda"
"2294","Serverless"
"2295","BigData"
"2296","Analytics"
"2297","DataScience"
"2298","IoT"
"2299","IIoT"
"2300","PyTorch"
"2301","Pyth"
"2302","DataScience"
"2303","Python"
"2304","MachineLearning"
"2305","BigData"
"2306","Analytics"
"2307","DataScience"
"2308","AI"
"2309","MachineLearning"
"2310","IoT"
"2311","IIoT"
"2312","Python"
"2313","RStat"
"2314","BigData"
"2315","Analytics"
"2316","DataScience"
"2317","AI"
"2318","MachineLearning"
"2319","IoT"
"2320","IIo"
"2321","R"
"2322","Linux"
"2323","DeepLearning"
"2324","AI"
"2325","programming"
"2326","BigData"
"2327","MachineLearning"
"2328","ArtificialIntelligence"
"2329","Linux"
"2330","ML"
"2331","DataScience"
"2332","programming"
"2333","DeepLearning"
"2334","AI"
"2335","MachineLear"
"2336","TensorFlow"
"2337","BigData"
"2338","Analytics"
"2339","DataScience"
"2340","IoT"
"2341","IIoT"
"2342","PyTorch"
"2343","Python"
"2344","RStats"
"2345","Java"
"2346","JavaScr"
"2347","BigData"
"2348","Analytics"
"2349","DataScience"
"2350","AI"
"2351","MachineLearning"
"2352","IoT"
"2353","IIoT"
"2354","PyTorch"
"2355","Python"
"2356","RStats"
"2357","Tens"
"2358","BigData"
"2359","Analytics"
"2360","DataScience"
"2361","AI"
"2362","MachineLearning"
"2363","IoT"
"2364","IIoT"
"2365","PyTorch"
"2366","Python"
"2367","RStats"
"2368","Tens"
"2369","javascript"
"2370","webdevelopment"
"2371","Nodejs"
"2372","CodeNewbies"
"2373","javascript"
"2374","webdevelopment"
"2375","Nodejs"
"2376","CodeNewbies"
"2377","OSHA"
"2378","COVID"
"2379","bigdata"
"2380","AI"
"2381","IoT"
"2382","Tech"
"2383","Data"
"2384","USA"
"2385","Linux"
"2386","U"
"2387","BigData"
"2388","Analytics"
"2389","DataScience"
"2390","DeepLearning"
"2391","Machi"
"2392","OSHA"
"2393","COVID"
"2394","bigdata"
"2395","AI"
"2396","IoT"
"2397","Tech"
"2398","Data"
"2399","USA"
"2400","Linux"
"2401","U"
"2402","OSHA"
"2403","COVID"
"2404","bigdata"
"2405","AI"
"2406","IoT"
"2407","Tech"
"2408","Data"
"2409","USA"
"2410","Linux"
"2411","U"
"2412","Python"
"2413","BigData"
"2414","Analytics"
"2415","DataScience"
"2416","AI"
"2417","MachineLearning"
"2418","IoT"
"2419","IIoT"
"2420","RStats"
"2421","TensorFlow"
"2422","Ja"
"2423","darknet"
"2424","I"
"2425","Tor"
"2426","Deepweb"
"2427","Darkweb"
"2428","Freenet"
"2429","BigData"
"2430","Analytics"
"2431","DataScience"
"2432","A"
"2433","TensorFlow"
"2434","BigData"
"2435","Analytics"
"2436","DataScience"
"2437","IoT"
"2438","IIoT"
"2439","PyTorch"
"2440","Python"
"2441","RStats"
"2442","Java"
"2443","JavaScr"
"2444","BigData"
"2445","Analytics"
"2446","DataScience"
"2447","AI"
"2448","MachineLearning"
"2449","IoT"
"2450","IIoT"
"2451","Python"
"2452","RStats"
"2453","TensorFlow"
"2454","BigData"
"2455","Analytics"
"2456","DataScience"
"2457","AI"
"2458","MachineLearning"
"2459","IoT"
"2460","IIoT"
"2461","Python"
"2462","RStats"
"2463","TensorFlow"
"2464","STARTUP"
"2465","BigData"
"2466","Analytics"
"2467","DataScience"
"2468","AI"
"2469","MachineLe"
"2470","BigData"
"2471","Analytics"
"2472","DataScience"
"2473","AI"
"2474","MachineLearning"
"2475","IoT"
"2476","IIoT"
"2477","PyTorch"
"2478","Python"
"2479","RStat"
"2480","BigData"
"2481","Analytics"
"2482","DataScience"
"2483","AI"
"2484","MachineLearning"
"2485","IoT"
"2486","IIoT"
"2487","PyTorch"
"2488","Python"
"2489","RStat"
"2490","ArtificialIntelligence"
"2491","Linux"
"2492","ML"
"2493","DataScience"
"2494","programming"
"2495","DeepLearning"
"2496","AI"
"2497","MachineLear"
"2498","AWSLambda"
"2499","Serverless"
"2500","BigData"
"2501","Analytics"
"2502","DataScience"
"2503","IoT"
"2504","IIoT"
"2505","PyTorch"
"2506","Pyth"
"2507","BigData"
"2508","Analytics"
"2509","DataScience"
"2510","AI"
"2511","MachineLearning"
"2512","IoT"
"2513","IIoT"
"2514","Python"
"2515","RStats"
"2516","T"
"2517","python"
"2518","javascript"
"2519","angular"
"2520","reactjs"
"2521","vuejs"
"2522","p"
"2523","Billing"
"2524","Software"
"2525","Business"
"2526","Innovation"
"2527","bigdata"
"2528","AI"
"2529","IoT"
"2530","R"
"2531","Linux"
"2532","DeepLearning"
"2533","AI"
"2534","programming"
"2535","BigData"
"2536","MachineLearning"
"2537","javascript"
"2538","webdevelopment"
"2539","Nodejs"
"2540","CodeNewbies"
"2541","DataScience"
"2542","Python"
"2543","BigData"
"2544","Analytics"
"2545","DataScience"
"2546","AI"
"2547","MachineLearning"
"2548","IoT"
"2549","IIo"
"2550","programmingjoke"
"2551","code"
"2552","coding"
"2553","javascript"
"2554","python"
"2555","datascience"
"2556","programming"
"2557","programmer"
"2558","joke"
"2559","DataScience"
"2560","Analytics"
"2561","AI"
"2562","ML"
"2563","DL"
"2564","Io"
"2565","DataScience"
"2566","Python"
"2567","BigData"
"2568","Analytics"
"2569","DataScience"
"2570","AI"
"2571","MachineLearning"
"2572","IoT"
"2573","IIoT"
"2574","Python"
"2575","RStat"
"2576","MachineLearning"
"2577","Python"
"2578","ud"
"2579","BigData"
"2580","Analytics"
"2581","DataScience"
"2582","AI"
"2583","MachineLearning"
"2584","IoT"
"2585","IIoT"
"2586","PyTorch"
"2587","Py"
"2588","Serverless"
"2589","AI"
"2590","blockchain"
"2591","MachineLearning"
"2592","De"
"2593","codeflaw"
"2594","programmer"
"2595","codedith"
"2596","developer"
"2597","R"
"2598","Linux"
"2599","DeepLearning"
"2600","AI"
"2601","programming"
"2602","BigData"
"2603","MachineLearning"
"2604","codeflaw"
"2605","programmer"
"2606","codedith"
"2607","developer"
"2608","BigData"
"2609","Analytics"
"2610","DataScience"
"2611","AI"
"2612","MachineLearning"
"2613","IoT"
"2614","IIoT"
"2615","Python"
"2616","RStats"
"2617","NeuralNetwork"
"2618","NeuralNetwork"
"2619","NeuralNetwork"
"2620","HealthIT"
"2621","MachineLearning"
"2622","OpenSource"
"2623","Database"
"2624","MindsDB"
"2625","DataScience"
"2626","ArtificialInte"
"2627","NeuralNetwork"
"2628","javascript"
"2629","programming"
"2630","dev"
"2631","linux"
"2632","java"
"2633","pro"
"2634","IoT"
"2635","flutter"
"2636","javascript"
"2637","Serverless"
"2638","womenwhocode"
"2639","Machinelearning"
"2640","Python"
"2641","cybersecurity"
"2642","IoT"
"2643","flutter"
"2644","javascript"
"2645","Serverless"
"2646","womenwhocode"
"2647","Machinelearning"
"2648","Python"
"2649","cybersecurity"
"2650","custom"
"2651","mug"
"2652","tshirt"
"2653","design"
"2654","fiverr"
"2655","fiverrgigs"
"2656","Machinelearning"
"2657","IoT"
"2658","DataScience"
"2659","ArtificialIntelligence"
"2660","Mach"
"2661","DataScience"
"2662","ArtificialIntelligence"
"2663","Mach"
"2664","BigData"
"2665","Analytics"
"2666","DataScience"
"2667","DeepLearning"
"2668","MachineLearning"
"2669","IoT"
"2670","Py"
"2671","DataScience"
"2672","DEVCommunity"
"2673","IoT"
"2674","Machinelearning"
"2675","Python"
"2676","CloudComputing"
"2677","blockchain"
"2678","Serverless"
"2679","AI"
"2680","BigData"
"2681","DataScience"
"2682","JavaS"
"2683","Bootstrap"
"2684","CSS"
"2685","Billing"
"2686","Software"
"2687","Business"
"2688","Innovation"
"2689","bigdata"
"2690","AI"
"2691","IoT"
"2692","BigData"
"2693","Analytics"
"2694","DataScience"
"2695","AI"
"2696","MachineLearning"
"2697","IoT"
"2698","IIoT"
"2699","PyTorch"
"2700","Python"
"2701","RStats"
"2702","Tens"
"2703","KathieLeeGifford"
"2704","love"
"2705","God"
"2706","bigdata"
"2707","AI"
"2708","IoT"
"2709","Te"
"2710","BigData"
"2711","Analytics"
"2712","DataScience"
"2713","AI"
"2714","MachineLearning"
"2715","IoT"
"2716","IIoT"
"2717","Pyth"
"2718","DataScientist"
"2719","MachineLearning"
"2720","AI"
"2721","DataAnalytics"
"2722","DataScience"
"2723","Data"
"2724","ArtificialIntelligence"
"2725","deeplearning"
"2726","AI"
"2727","ApacheS"
"2728","javascript"
"2729","webdevelopment"
"2730","Nodejs"
"2731","CodeNewbies"
"2732","codi"
"2733","AI"
"2734","DeepLearning"
"2735","BigData"
"2736","Analytics"
"2737","DataScience"
"2738","AI"
"2739","MachineLearning"
"2740","IoT"
"2741","IIoT"
"2742","Python"
"2743","RStats"
"2744","Java"
"2745","AI"
"2746","DeepLearning"
"2747","BigData"
"2748","Analytics"
"2749","DataScience"
"2750","AI"
"2751","MachineLearning"
"2752","IoT"
"2753","IIoT"
"2754","Python"
"2755","RStats"
"2756","Java"
"2757","programming"
"2758","softwareengineering"
"2759","bigda"
"2760","CodeNew"
"2761","CodeNew"
"2762","Innovation"
"2763","Digital"
"2764","Tech"
"2765","DataScience"
"2766","AI"
"2767","CodeNew"
"2768","Deloitte"
"2769","MachineLearning"
"2770","Ar"
"2771","AI"
"2772","MachineLearning"
"2773","DeepLearning"
"2774","DataS"
"2775","BigData"
"2776","Analytics"
"2777","DataScience"
"2778","AI"
"2779","MachineLearning"
"2780","IoT"
"2781","IIoT"
"2782","Python"
"2783","RS"
"2784","AI"
"2785","DeepLearning"
"2786","BigData"
"2787","Analytics"
"2788","DataScience"
"2789","AI"
"2790","MachineLearning"
"2791","IoT"
"2792","IIoT"
"2793","Python"
"2794","RStats"
"2795","Java"
"2796","AI"
"2797","DeepLearning"
"2798","BigData"
"2799","Analytics"
"2800","DataScience"
"2801","AI"
"2802","MachineLearning"
"2803","IoT"
"2804","IIoT"
"2805","Python"
"2806","RStats"
"2807","Java"
"2808","Probability"
"2809","Statistics"
"2810","BigData"
"2811","Analytics"
"2812","DataScience"
"2813","AI"
"2814","MachineLearning"
"2815","IoT"
"2816","feminine"
"2817","logo"
"2818","Python"
"2819","javascript"
"2820","Nodejs"
"2821","Serverle"
"2822","BigData"
"2823","Analytics"
"2824","DataScience"
"2825","AI"
"2826","MachineLearning"
"2827","IoT"
"2828","IIoT"
"2829","Python"
"2830","RStats"
"2831","Tens"
"2832","mockup"
"2833","tshirts"
"2834","Python"
"2835","javascript"
"2836","No"
"2837","Deloitte"
"2838","MachineLearning"
"2839","Ar"
"2840","BigData"
"2841","Analytics"
"2842","DataScience"
"2843","IoT"
"2844","IIoT"
"2845","PyTorch"
"2846","Python"
"2847","RStats"
"2848","Tensor"
"2849","BigData"
"2850","Analytics"
"2851","DataScience"
"2852","AI"
"2853","MachineLearning"
"2854","IoT"
"2855","IIoT"
"2856","Python"
"2857","RStats"
"2858","Tenso"
"2859","R"
"2860","Linux"
"2861","DeepLearning"
"2862","AI"
"2863","programming"
"2864","BigData"
"2865","MachineLearning"
"2866","R"
"2867","Linux"
"2868","DeepLearning"
"2869","AI"
"2870","programming"
"2871","BigData"
"2872","MachineLearning"
"2873","BigData"
"2874","Analytics"
"2875","DataScience"
"2876","AI"
"2877","MachineLearning"
"2878","IoT"
"2879","IIoT"
"2880","Python"
"2881","RS"
"2882","DataScience"
"2883","MachineLearning"
"2884","ArtificialIntelligence"
"2885","DataScience"
"2886","BigDa"
"2887","BigData"
"2888","Analytics"
"2889","DataScience"
"2890","AI"
"2891","MachineLearning"
"2892","IoT"
"2893","IIoT"
"2894","BigData"
"2895","Analytics"
"2896","DataScience"
"2897","AI"
"2898","MachineLearning"
"2899","IoT"
"2900","IIoT"
"2901","OpenAccess"
"2902","Genome"
"2903","Database"
"2904","gnomAD"
"2905","DataScience"
"2906","Bioinformatics"
"2907","BigData"
"2908","Analytics"
"2909","DataScience"
"2910","AI"
"2911","MachineLearning"
"2912","IoT"
"2913","IIoT"
"2914","HealthIT"
"2915","BigData"
"2916","DataLakes"
"2917","DataScience"
"2918","Healthcare"
"2919","PublicHealth"
"2920","Populati"
"2921","BigData"
"2922","Analytics"
"2923","DataScience"
"2924","AI"
"2925","MachineLearning"
"2926","IoT"
"2927","IIoT"
"2928","BigData"
"2929","Analytics"
"2930","DataScience"
"2931","AI"
"2932","MachineLearning"
"2933","IoT"
"2934","IIoT"
"2935","R"
"2936","Linux"
"2937","DeepLearning"
"2938","AI"
"2939","programming"
"2940","BigData"
"2941","MachineLearning"
"2942","Datascience"
"2943","Mach"
"2944","BigData"
"2945","Analytics"
"2946","DataScience"
"2947","AI"
"2948","MachineLearning"
"2949","IoT"
"2950","IIoT"
"2951","HealthIT"
"2952","MedTech"
"2953","MachineLearning"
"2954","ML"
"2955","Algorithms"
"2956","Models"
"2957","Chemical"
"2958","Patients"
"2959","R"
"2960","Linux"
"2961","DeepLearning"
"2962","AI"
"2963","programming"
"2964","BigData"
"2965","MachineLearning"
"2966","programming"
"2967","softwareengineering"
"2968","bigdata"
"2969","datascience"
"2970","analytics"
"2971","ai"
"2972","python"
"2973","javascript"
"2974","R"
"2975","Linux"
"2976","DeepLearning"
"2977","AI"
"2978","programming"
"2979","BigData"
"2980","MachineLearning"
"2981","R"
"2982","Linux"
"2983","DeepLearning"
"2984","AI"
"2985","programming"
"2986","BigData"
"2987","MachineLearning"
"2988","R"
"2989","Linux"
"2990","DeepLearning"
"2991","AI"
"2992","programming"
"2993","BigData"
"2994","MachineLearning"
"2995","R"
"2996","Linux"
"2997","DeepLearning"
"2998","AI"
"2999","programming"
"3000","BigData"
"3001","MachineLearning"
"3002","R"
"3003","Linux"
"3004","DeepLearning"
"3005","AI"
"3006","programming"
"3007","BigData"
"3008","MachineLearning"
"3009","R"
"3010","Linux"
"3011","DeepLearning"
"3012","AI"
"3013","programming"
"3014","BigData"
"3015","MachineLearning"
"3016","R"
"3017","Linux"
"3018","DeepLearning"
"3019","AI"
"3020","programming"
"3021","BigData"
"3022","MachineLearning"
"3023","R"
"3024","Linux"
"3025","DeepLearning"
"3026","AI"
"3027","programming"
"3028","BigData"
"3029","MachineLearning"
"3030","R"
"3031","Linux"
"3032","DeepLearning"
"3033","AI"
"3034","programming"
"3035","BigData"
"3036","NLP"
"3037","Keras"
"3038","MachineLearning"
"3039","DataScienc"
"3040","DiaMundialDeLaAlimentacion"
"3041","datascience"
"3042","artificialintelligence"
"3043","machinelearn"
"3044","datascience"
"3045","artificialintelligence"
"3046","machinelearn"
"3047","Trending"
"3048","tech"
"3049","industrialengineering"
"3050","ArtificialIntelligence"
"3051","AI"
"3052","DataScien"
"3053","mining"
"3054","mining"
"3055","Bitcoin"
"3056","Ethereum"
"3057","bigdata"
"3058","AI"
"3059","IoT"
"3060","Tech"
"3061","D"
"3062","NeuralNetworks"
"3063","DeepLearning"
"3064","BigData"
"3065","IoT"
"3066","Ecommerce"
"3067","programming"
"3068","softwareengineering"
"3069","bigdata"
"3070","data"
"3071","programming"
"3072","softwareengineering"
"3073","bigdata"
"3074","FastSalas"
"3075","datascience"
"3076","Machin"
"3077","FastSalas"
"3078","datascience"
"3079","Machin"
"3080","bigdata"
"3081","AI"
"3082","IoT"
"3083","Tech"
"3084","Data"
"3085","USA"
"3086","Lin"
"3087","programming"
"3088","software"
"3089","AI"
"3090","AIBootcamp"
"3091","AI"
"3092","AIBootcamp"
"3093","R"
"3094","AI"
"3095","Python"
"3096","ArtificialIntelligence"
"3097","BigData"
"3098","IoT"
"3099","CloudComputing"
"3100","programmi"
"3101","custom"
"3102","mug"
"3103","tshirt"
"3104","design"
"3105","fiverr"
"3106","fiverrgigs"
"3107","Machinelearning"
"3108","IoT"
"3109","ArtificialIntelligence"
"3110","Linux"
"3111","ML"
"3112","DataScience"
"3113","programming"
"3114","DeepLearning"
"3115","AI"
"3116","MachineLear"
"3117","BigData"
"3118","Analytics"
"3119","DataScience"
"3120","AI"
"3121","MachineLearning"
"3122","NLProc"
"3123","IoT"
"3124","I"
"3125","BigData"
"3126","Analytics"
"3127","DataScience"
"3128","AI"
"3129","MachineLearning"
"3130","NLProc"
"3131","IoT"
"3132","I"
"3133","DataScience"
"3134","Machi"
"3135","ArtificialIntelligence"
"3136","Linux"
"3137","ML"
"3138","DataScience"
"3139","programming"
"3140","DeepLearning"
"3141","AI"
"3142","MachineLear"
"3143","Ecommerce"
"3144","bigdata"
"3145","AI"
"3146","IoT"
"3147","Tech"
"3148","Data"
"3149","USA"
"3150","Lin"
"3151","datascience"
"3152","bigdata"
"3153","en"
"3154","Middleware"
"3155","bigdata"
"3156","AI"
"3157","IoT"
"3158","Tech"
"3159","Data"
"3160","USA"
"3161","Lin"
"3162","bigdata"
"3163","AI"
"3164","IoT"
"3165","Tech"
"3166","Data"
"3167","USA"
"3168","Lin"
"3169","bigdata"
"3170","AI"
"3171","IoT"
"3172","Tech"
"3173","Data"
"3174","Python"
"3175","ud"
"3176","Python"
"3177","ud"
"3178","ArtificialIntelligence"
"3179","Linux"
"3180","ML"
"3181","DataScience"
"3182","programming"
"3183","DeepLearning"
"3184","AI"
"3185","MachineLear"
"3186","BigData"
"3187","Analytics"
"3188","DataScience"
"3189","AI"
"3190","MachineLearning"
"3191","IoT"
"3192","IIoT"
"3193","Python"
"3194","RStats"
"3195","ArtificialIntelligence"
"3196","Linux"
"3197","ML"
"3198","DataScience"
"3199","programming"
"3200","DeepLearning"
"3201","AI"
"3202","MachineLear"
"3203","ArtificialIntelligence"
"3204","Linux"
"3205","ML"
"3206","DataScience"
"3207","programming"
"3208","DeepLearning"
"3209","AI"
"3210","MachineLear"
"3211","InteligenciaArtificial"
"3212","datascience"
"3213","BigData"
"3214","Analytics"
"3215","DataScience"
"3216","AI"
"3217","MachineLearning"
"3218","NLProc"
"3219","IoT"
"3220","I"
"3221","ArtificialIntelligence"
"3222","Linux"
"3223","ML"
"3224","DataScience"
"3225","programming"
"3226","DeepLearning"
"3227","AI"
"3228","MachineLear"
"3229","DataScience"
"3230","BigData"
"3231","Analytics"
"3232","IoT"
"3233","iIoT"
"3234","PyTorch"
"3235","Python"
"3236","RStats"
"3237","TensorFlow"
"3238","Java"
"3239","Jav"
"3240","ArtificialIntelligence"
"3241","Linux"
"3242","ML"
"3243","DataScience"
"3244","programming"
"3245","DeepLearning"
"3246","AI"
"3247","MachineLear"
"3248","ArtificialIntelligence"
"3249","Linux"
"3250","ML"
"3251","DataScience"
"3252","programming"
"3253","DeepLearning"
"3254","AI"
"3255","MachineLear"
"3256","ArtificialIntelligence"
"3257","Linux"
"3258","ML"
"3259","DataScience"
"3260","programming"
"3261","DeepLearning"
"3262","AI"
"3263","MachineLear"
"3264","ArtificialIntelligence"
"3265","Linux"
"3266","ML"
"3267","DataScience"
"3268","programming"
"3269","DeepLearning"
"3270","AI"
"3271","MachineLear"
"3272","ArtificialIntelligence"
"3273","Linux"
"3274","ML"
"3275","DataScience"
"3276","programming"
"3277","DeepLearning"
"3278","AI"
"3279","MachineLear"
"3280","BigData"
"3281","Analytics"
"3282","DataScience"
"3283","AI"
"3284","MachineLearning"
"3285","IoT"
"3286","IIoT"
"3287","Python"
"3288","RStats"
"3289","ArtificialIntelligence"
"3290","Linux"
"3291","ML"
"3292","DataScience"
"3293","programming"
"3294","DeepLearning"
"3295","AI"
"3296","data"
"3297","engineering"
"3298","cloud"
"3299","computing"
"3300","GwynethPaltrow"
"3301","trousers"
"3302","CelebS"
"3303","bigdata"
"3304","AI"
"3305","IoT"
"3306","ArtificialIntelligence"
"3307","Linux"
"3308","ML"
"3309","DataScience"
"3310","programming"
"3311","DeepLearning"
"3312","AI"
"3313","MachineLear"
"3314","ScienceDesDonn"
"3315","IntelligenceArtific"
"3316","Python"
"3317","ud"
"3318","mining"
"3319","mining"
"3320","Bitcoin"
"3321","Ethereum"
"3322","bigdata"
"3323","AI"
"3324","IoT"
"3325","Tech"
"3326","D"
"3327","HealthIT"
"3328","MachineLearning"
"3329","OpenSource"
"3330","Database"
"3331","MindsDB"
"3332","DataScience"
"3333","ArtificialInte"
"3334","mining"
"3335","mining"
"3336","Bitcoin"
"3337","Ethereum"
"3338","bigdata"
"3339","AI"
"3340","IoT"
"3341","Tech"
"3342","D"
"3343","RemoteWork"
"3344","FutureofWork"
"3345","HybridWork"
"3346","WFH"
"3347","DigitalTransformation"
"3348","D"
"3349","InteligenciaArtificial"
"3350","datascience"
"3351","Python"
"3352","ud"
"3353","BigData"
"3354","Analytics"
"3355","DataScience"
"3356","AI"
"3357","MachineLearning"
"3358","IoT"
"3359","IIoT"
"3360","Python"
"3361","RStats"
"3362","BigData"
"3363","Analytics"
"3364","DataScience"
"3365","AI"
"3366","MachineLearning"
"3367","IoT"
"3368","IIoT"
"3369","Python"
"3370","RStats"
"3371","bigdata"
"3372","DataScience"
"3373","mining"
"3374","mining"
"3375","Bitcoin"
"3376","Ethereum"
"3377","bigdata"
"3378","AI"
"3379","IoT"
"3380","Tech"
"3381","D"
"3382","coders"
"3383","azure"
"3384","AI"
"3385","ml"
"3386","deeplearning"
"3387","javascript"
"3388","Pytho"
"3389","bigdata"
"3390","DataScience"
"3391","mining"
"3392","mining"
"3393","Bitcoin"
"3394","Ethereum"
"3395","bigdata"
"3396","AI"
"3397","IoT"
"3398","Tech"
"3399","D"
"3400","mining"
"3401","mining"
"3402","Bitcoin"
"3403","Ethereum"
"3404","bigdata"
"3405","AI"
"3406","IoT"
"3407","Tech"
"3408","D"
"3409","mining"
"3410","mining"
"3411","Bitcoin"
"3412","Ethereum"
"3413","bigdata"
"3414","AI"
"3415","IoT"
"3416","HealthIT"
"3417","MachineLearning"
"3418","OpenSource"
"3419","Database"
"3420","MindsDB"
"3421","DataScience"
"3422","ArtificialInte"
"3423","WomenWhoCode"
"3424","MachineLearning"
"3425","algorithm"
"3426","Python"
"3427","BigData"
"3428","Analytics"
"3429","WomenWhoCode"
"3430","MachineLearning"
"3431","algorithm"
"3432","Python"
"3433","BigData"
"3434","Analytics"
"3435","WomenWhoCode"
"3436","MachineLearning"
"3437","algorithm"
"3438","Python"
"3439","BigData"
"3440","Analytics"
"3441","WomenWhoCode"
"3442","MachineLearning"
"3443","algorithm"
"3444","Python"
"3445","BigData"
"3446","Analytics"
"3447","DataScience"
"3448","BigData"
"3449","Analytics"
"3450","IoT"
"3451","iIoT"
"3452","PyTorch"
"3453","Python"
"3454","RStats"
"3455","TensorFlow"
"3456","Java"
"3457","Jav"
"3458","DaaS"
"3459","CloudComputing"
"3460","BigData"
"3461","AI"
"3462","ArtificialIntelligence"
"3463","IoT"
"3464","Da"
"3465","DataScience"
"3466","BigData"
"3467","IoT"
"3468","flutter"
"3469","javascript"
"3470","Serverless"
"3471","womenwhocode"
"3472","Machinelearning"
"3473","Python"
"3474","cybersecurity"
"3475","WomenWhoCode"
"3476","MachineLearning"
"3477","algorithm"
"3478","Python"
"3479","BigData"
"3480","Analytics"
"3481","IoT"
"3482","flutter"
"3483","javascript"
"3484","Serverless"
"3485","womenwhocode"
"3486","Machinelearning"
"3487","Python"
"3488","cybersecurity"
"3489","DataScience"
"3490","Machi"
"3491","DataScience"
"3492","IoT"
"3493","flutter"
"3494","javascript"
"3495","Serverless"
"3496","womenwhocode"
"3497","Machinelearning"
"3498","Python"
"3499","cybersecurity"
"3500","bigdata"
"3501","DataScience"
"3502","IoT"
"3503","flutter"
"3504","javascript"
"3505","Serverless"
"3506","womenwhocode"
"3507","Machinelearning"
"3508","Python"
"3509","cybersecurity"
"3510","coders"
"3511","azure"
"3512","AI"
"3513","ml"
"3514","deeplearning"
"3515","javascript"
"3516","Pytho"
"3517","Machinelearning"
"3518","Machinelearning"
"3519","AI"
"3520","ArtificialIntelligence"
"3521","MachineLear"
"3522","IoT"
"3523","flutter"
"3524","javascript"
"3525","Serverless"
"3526","womenwhocode"
"3527","Machinelearning"
"3528","Python"
"3529","cybersecurity"
"3530","DataScience"
"3531","jobs"
"3532","Tech"
"3533","AR"
"3534","Operation"
"3535","IT"
"3536","AI"
"3537","AutonomousCars"
"3538","SMM"
"3539","Cloud"
"3540","BigData"
"3541","Ana"
"3542","IoT"
"3543","flutter"
"3544","javascript"
"3545","Serverless"
"3546","womenwhocode"
"3547","Machinelearning"
"3548","Python"
"3549","cybersecurity"
"3550","IoT"
"3551","flutter"
"3552","javascript"
"3553","Serverless"
"3554","womenwhocode"
"3555","Machinelearning"
"3556","Python"
"3557","cybersecurity"
"3558","IoT"
"3559","flutter"
"3560","javascript"
"3561","Serverless"
"3562","womenwhocode"
"3563","Machinelearning"
"3564","Python"
"3565","cybersecurity"
"3566","IoT"
"3567","flutter"
"3568","javascript"
"3569","Serverless"
"3570","womenwhocode"
"3571","Machinelearning"
"3572","Python"
"3573","cybersecurity"
"3574","IoT"
"3575","flutter"
"3576","javascript"
"3577","Serverless"
"3578","womenwhocode"
"3579","Machinelearning"
"3580","Python"
"3581","cybersecurity"
"3582","hadoop"
"3583","datascience"
"3584","bigdata"
"3585","python"
"3586","machinelearning"
"3587","java"
"3588","artificialintelligence"
"3589","Datascience"
"3590","Mach"
"3591","Kotlin"
"3592","Flutter"
"3593","BigData"
"3594","Analytics"
"3595","DataScience"
"3596","AI"
"3597","MachineLearning"
"3598","Android"
"3599","iOS"
"3600","IoT"
"3601","IIoT"
"3602","Python"
"3603","RStat"
"3604","Datascience"
"3605","Mach"
"3606","Python"
"3607","ud"
"3608","RemoteWork"
"3609","FutureofWork"
"3610","HybridWork"
"3611","WFH"
"3612","DigitalTransformation"
"3613","D"
"3614","IoT"
"3615","flutter"
"3616","javascript"
"3617","Serverless"
"3618","womenwhocode"
"3619","Machinelearning"
"3620","Python"
"3621","cybersecurity"
"3622","IoT"
"3623","flutter"
"3624","javascript"
"3625","Serverless"
"3626","womenwhocode"
"3627","Machinelearning"
"3628","Python"
"3629","cybersecurity"
"3630","IoT"
"3631","flutter"
"3632","javascript"
"3633","Serverless"
"3634","womenwhocode"
"3635","Machinelearning"
"3636","Python"
"3637","cybersecurity"
"3638","IoT"
"3639","flutter"
"3640","javascript"
"3641","Serverless"
"3642","womenwhocode"
"3643","Machinelearning"
"3644","Python"
"3645","Python"
"3646","ud"
"3647","hadoop"
"3648","datascience"
"3649","bigdata"
"3650","python"
"3651","machinelearning"
"3652","java"
"3653","artificialintelligence"
"3654","AI"
"3655","ML"
"3656","DataScience"
"3657","DeepLearning"
"3658","Kotlin"
"3659","Flutter"
"3660","BigData"
"3661","Analytics"
"3662","DataScience"
"3663","AI"
"3664","MachineLearning"
"3665","Android"
"3666","iOS"
"3667","IoT"
"3668","IIoT"
"3669","Python"
"3670","RStat"
"3671","Python"
"3672","ud"
"3673","Python"
"3674","ud"
"3675","Python"
"3676","ud"
"3677","BigData"
"3678","Analyt"
"3679","IoT"
"3680","flutter"
"3681","javascript"
"3682","Serverless"
"3683","womenwhocode"
"3684","Machinelearning"
"3685","Python"
"3686","cybersecurity"
"3687","HealthIT"
"3688","MedTech"
"3689","MachineLearning"
"3690","ML"
"3691","Algorithms"
"3692","Models"
"3693","Chemical"
"3694","Patients"
"3695","MedTech"
"3696","ArtificialIntelligence"
"3697","AI"
"3698","Transcatheter"
"3699","Aortic"
"3700","Heart"
"3701","HealthIT"
"3702","MedTech"
"3703","MachineLearning"
"3704","ML"
"3705","Algorithms"
"3706","Models"
"3707","Chemical"
"3708","Patients"
"3709","Epileptic"
"3710","Dataset"
"3711","MachineLearning"
"3712","ML"
"3713","Algorithms"
"3714","Models"
"3715","DataScience"
"3716","Analytics"
"3717","HealthIT"
"3718","DataScience"
"3719","MachineLearning"
"3720","ML"
"3721","Prognostic"
"3722","MobileApps"
"3723","Infection"
"3724","Python"
"3725","ud"
"3726","udemycoupon"
"3727","DataScience"
"3728","codenewbies"
"3729","DataScience"
"3730","Epidemics"
"3731","Disease"
"3732","abdsc"
"3733","MachineLear"
"3734","DataScience"
"3735","ArtificialIntelligence"
"3736","MachineLearn"
"3737","Python"
"3738","ud"
"3739","Python"
"3740","ud"
"3741","Insurtech"
"3742","DataScience"
"3743","ML"
"3744","DL"
"3745","RemoteWork"
"3746","FutureofWork"
"3747","HybridWork"
"3748","WFH"
"3749","bigdata"
"3750","DataScience"
"3751","Python"
"3752","ud"
"3753","Python"
"3754","ud"
"3755","Ecommerce"
"3756","BigData"
"3757","Analytics"
"3758","DataScience"
"3759","IoT"
"3760","IIoT"
"3761","PyTorch"
"3762","Python"
"3763","RStats"
"3764","Tensor"
"3765","AI"
"3766","ArtificialIntelligence"
"3767","MachineLear"
"3768","Python"
"3769","HealthIT"
"3770","MachineLearning"
"3771","ML"
"3772","ArtificialIntelligence"
"3773","AI"
"3774","Data"
"3775","Information"
"3776","DataScience"
"3777","Analyti"
"3778","HealthIT"
"3779","MachineLearning"
"3780","OpenSource"
"3781","Database"
"3782","MindsDB"
"3783","DataScience"
"3784","ArtificialInte"
"3785","HealthIT"
"3786","Healthcare"
"3787","MachineLearning"
"3788","ML"
"3789","Data"
"3790","Information"
"3791","DataScie"
"3792","HealthIT"
"3793","MachineLearning"
"3794","ML"
"3795","ArtificialIntelligence"
"3796","AI"
"3797","Data"
"3798","Information"
"3799","DataScience"
"3800","Analyti"
"3801","HealthIT"
"3802","Healthcare"
"3803","MachineLearning"
"3804","ML"
"3805","Data"
"3806","Information"
"3807","DataScie"
"3808","DataScience"
"3809","BigData"
"3810","Analytics"
"3811","IoT"
"3812","iIoT"
"3813","PyTorch"
"3814","Python"
"3815","RStats"
"3816","TensorFlow"
"3817","Java"
"3818","Jav"
"3819","Diversity"
"3820","Equity"
"3821","Inclusion"
"3822","STEM"
"3823","Education"
"3824","DataScience"
"3825","Art"
"3826","HealthIT"
"3827","MachineLearning"
"3828","Algorithms"
"3829","Models"
"3830","DataScience"
"3831","PopulationHealth"
"3832","PublicHealth"
"3833","DataScience"
"3834","ArtificialIntelligence"
"3835","M"
"3836","HealthIT"
"3837","R"
"3838","Programming"
"3839","Analysis"
"3840","DataScience"
"3841","PopulationHealth"
"3842","DataScience"
"3843","Artific"
"3844","HealthIT"
"3845","MachineLearning"
"3846","Algorithms"
"3847","Models"
"3848","DataScience"
"3849","PopulationHealth"
"3850","PublicHealth"
"3851","HealthIT"
"3852","TabPy"
"3853","Python"
"3854","Programming"
"3855","DataScience"
"3856","Healthcare"
"3857","ArtificialIntellige"
"3858","HealthIT"
"3859","Python"
"3860","Data"
"3861","Visualization"
"3862","Altair"
"3863","Matplotlib"
"3864","DataScience"
"3865","PopulationHe"
"3866","DataScience"
"3867","MachineLearning"
"3868","ArtificialIntelligence"
"3869","AI"
"3870","Machinelearning"
"3871","DataScience"
"3872","BigData"
"3873","Analytics"
"3874","IoT"
"3875","iIoT"
"3876","PyTorch"
"3877","Python"
"3878","RStats"
"3879","TensorFlow"
"3880","Java"
"3881","Jav"
"3882","MedTech"
"3883","Radiology"
"3884","XNAT"
"3885","Clara"
"3886","MedicalImaging"
"3887","Research"
"3888","DataScience"
"3889","MedTech"
"3890","Radiology"
"3891","XNAT"
"3892","Clara"
"3893","MedicalImaging"
"3894","Research"
"3895","DataScience"
"3896","DataScience"
"3897","BigData"
"3898","Analytics"
"3899","IoT"
"3900","iIoT"
"3901","PyTorch"
"3902","Python"
"3903","RStats"
"3904","TensorFlow"
"3905","Java"
"3906","Jav"
"3907","HealthIT"
"3908","Healthcare"
"3909","LifeSciences"
"3910","DataScien"
"3911","Machinelearning"
"3912","Data"
"3913","MedicalImaging"
"3914","Data"
"3915","DataSc"
"3916","Pharmaceuticals"
"3917","Biomedical"
"3918","Data"
"3919","DrugDiscovery"
"3920","Disease"
"3921","HealthIT"
"3922","Healthcare"
"3923","LifeSciences"
"3924","DataScien"
"3925","OpenAccess"
"3926","Genome"
"3927","Database"
"3928","gnomAD"
"3929","DataScience"
"3930","Bioinformatics"
"3931","DataScience"
"3932","Machi"
"3933","Ethic"
"3934","Hospital"
"3935","Mortality"
"3936","Healthcare"
"3937","Da"
"3938","HealthIT"
"3939","Ethnic"
"3940","Hospital"
"3941","Diabetes"
"3942","Medicare"
"3943","Ethnic"
"3944","Medicare"
"3945","Hospital"
"3946","DataScientists"
"3947","HealthIT"
"3948","Ethnic"
"3949","Bias"
"3950","Algorithm"
"3951","PopulationHealth"
"3952","DataScience"
"3953","Analyt"
"3954","HealthIT"
"3955","Ethic"
"3956","Bias"
"3957","Healthcare"
"3958","Analyt"
"3959","Dermatology"
"3960","DataScience"
"3961","ArtificialIntelligence"
"3962","AI"
"3963","CognitiveComp"
"3964","Dermatology"
"3965","DataScience"
"3966","ArtificialIntelligence"
"3967","AI"
"3968","CognitiveComp"
"3969","Radiology"
"3970","MedicalImaging"
"3971","MedTech"
"3972","Dat"
"3973","Anatomy"
"3974","Genetic"
"3975","Clinical"
"3976","Data"
"3977","DataScience"
"3978","Computation"
"3979","ArtificialIntelligence"
"3980","AI"
"3981","Fluorescence"
"3982","Microscopy"
"3983","DataScience"
"3984","Computation"
"3985","ArtificialIntelligen"
"3986","Microscopic"
"3987","GAN"
"3988","DataScience"
"3989","Art"
"3990","AI"
"3991","Biology"
"3992","Healthcare"
"3993","AI"
"3994","Ethics"
"3995","NeuralNetworks"
"3996","DataScien"
"3997","HealthIT"
"3998","PHICON"
"3999","Clinical"
"4000","Data"
"4001","DataScien"
"4002","DataScience"
"4003","ArtificialIntelligence"
"4004","MachineLearning"
"4005","BigData"
"4006","IoT"
"4007","Python"
"4008","RStats"
"4009","Java"
"4010","JavaScript"
"4011","ReactJS"
"4012","HealthIT"
"4013","Medication"
"4014","Medical"
"4015","DataScience"
"4016","Computation"
"4017","ArtificialIntelligence"
"4018","DataScience"
"4019","DataScientists"
"4020","BigData"
"4021","Da"
"4022","HealthIT"
"4023","Medication"
"4024","NeuralNetwork"
"4025","DataScience"
"4026","Computati"
"4027","HealthIT"
"4028","PHICON"
"4029","Clinical"
"4030","Data"
"4031","DataScien"
"4032","HealthIT"
"4033","COVID"
"4034","Coronavirus"
"4035","Pandemic"
"4036","DataScience"
"4037","Computati"
"4038","MedTech"
"4039","Radiology"
"4040","MedicalImaging"
"4041","DataScience"
"4042","Computation"
"4043","MedICaT"
"4044","Dataset"
"4045","Medical"
"4046","Radiology"
"4047","MedicalImaging"
"4048","DataScience"
"4049","Computa"
"4050","BioMegatron"
"4051","Biomedical"
"4052","DataScience"
"4053","Computation"
"4054","ArtificialIntelligence"
"4055","AI"
"4056","CognitiveC"
"4057","DataScience"
"4058","DSGOVirtual"
"4059","IoT"
"4060","InternetofThings"
"4061","IIoT"
"4062","DataAnalysis"
"4063","BigData"
"4064","CloudComputing"
"4065","Analytics"
"4066","CyberS"
"4067","cybersec"
"4068","DataScience"
"4069","ArtificialIntelligence"
"4070","MachineLearning"
"4071","BigData"
"4072","IoT"
"4073","Python"
"4074","RStats"
"4075","JavaScript"
"4076","Reac"
"4077","cybersec"
"4078","DataScience"
"4079","ArtificialIntelligence"
"4080","MachineLearning"
"4081","BigData"
"4082","IoT"
"4083","Python"
"4084","RStats"
"4085","JavaScript"
"4086","Reac"
"4087","DataScience"
"4088","GetTechnical"
"4089","Scientists"
"4090","ArtificialIntelligence"
"4091","AI"
"4092","Cardiovascular"
"4093","Disease"
"4094","DataS"
"4095","cybersec"
"4096","DataScience"
"4097","ArtificialIntelligence"
"4098","MachineLearning"
"4099","BigData"
"4100","IoT"
"4101","Python"
"4102","RStats"
"4103","JavaScript"
"4104","Reac"
"4105","DataScience"
"4106","MachineLearning"
"4107","A"
"4108","Billing"
"4109","Software"
"4110","Business"
"4111","Innovation"
"4112","bigdata"
"4113","AI"
"4114","IoT"
"4115","Python"
"4116","artificialintelligence"
"4117","datascience"
"4118","machinelearning"
"4119","BigData"
"4120","IoT"
"4121","Python"
"4122","RStats"
"4123","Java"
"4124","JavaScrip"
"4125","DataScience"
"4126","BigData"
"4127","innovation"
"4128","DataScience"
"4129","VisualAnalytics"
"4130","ArtificialIntelligence"
"4131","Linux"
"4132","ML"
"4133","DataScience"
"4134","programming"
"4135","DeepLearning"
"4136","AI"
"4137","MachineLear"
"4138","DataScience"
"4139","IoT"
"4140","flutter"
"4141","javascript"
"4142","Serverless"
"4143","womenwhocode"
"4144","Machinelearning"
"4145","Python"
"4146","cybersecurity"
"4147","coders"
"4148","azure"
"4149","AI"
"4150","ml"
"4151","deeplearning"
"4152","javascript"
"4153","Pytho"
"4154","DiaMundialDeLaAlimentacion"
"4155","IoT"
"4156","flutter"
"4157","javascript"
"4158","Serverless"
"4159","womenwhocode"
"4160","Machinelearning"
"4161","Python"
"4162","cybersecurity"
"4163","IoT"
"4164","flutter"
"4165","javascript"
"4166","Serverless"
"4167","womenwhocode"
"4168","Machinelearning"
"4169","Python"
"4170","cybersecurity"
"4171","BigData"
"4172","Analytics"
"4173","DataScience"
"4174","AI"
"4175","MachineLearning"
"4176","IoT"
"4177","IIoT"
"4178","Python"
"4179","RS"
"4180","ArtificialIntelligence"
"4181","Linux"
"4182","ML"
"4183","DataScience"
"4184","programming"
"4185","DeepLearning"
"4186","AI"
"4187","MachineLear"
"4188","DataScience"
"4189","ArtificialIntelligence"
"4190","Linux"
"4191","ML"
"4192","DataScience"
"4193","programming"
"4194","DeepLearning"
"4195","AI"
"4196","MachineLear"
"4197","coders"
"4198","azure"
"4199","AI"
"4200","ml"
"4201","deeplearning"
"4202","javascript"
"4203","Pytho"
"4204","coders"
"4205","azure"
"4206","AI"
"4207","ml"
"4208","deeplearning"
"4209","javascript"
"4210","Pytho"
"4211","coders"
"4212","azure"
"4213","AI"
"4214","ml"
"4215","deeplearning"
"4216","javascript"
"4217","Pytho"
"4218","Python"
"4219","DataScience"
"4220","javascript"
"4221","M"
"4222","AI"
"4223","javascript"
"4224","webdevelopment"
"4225","Nodejs"
"4226","CodeNewbies"
"4227","codi"
"4228","DiaMundialDeLaAlimentacion"
"4229","ArtificialIntelligence"
"4230","Linux"
"4231","ML"
"4232","DataScience"
"4233","programming"
"4234","DeepLearning"
"4235","AI"
"4236","MachineLear"
"4237","BigData"
"4238","Analytics"
"4239","DataScience"
"4240","AI"
"4241","MachineLearning"
"4242","IoT"
"4243","IIoT"
"4244","Python"
"4245","RS"
"4246","BigData"
"4247","Analytics"
"4248","DataScience"
"4249","AI"
"4250","MachineLearning"
"4251","IoT"
"4252","IIoT"
"4253","Python"
"4254","RS"
"4255","BigData"
"4256","Analytics"
"4257","DataScience"
"4258","AI"
"4259","MachineLearning"
"4260","IoT"
"4261","IIoT"
"4262","Python"
"4263","RS"
"4264","BigData"
"4265","Analytics"
"4266","DataScience"
"4267","AI"
"4268","MachineLearning"
"4269","IoT"
"4270","IIoT"
"4271","Python"
"4272","RS"
"4273","BigData"
"4274","Analytics"
"4275","DataScience"
"4276","AI"
"4277","MachineLearning"
"4278","IoT"
"4279","IIoT"
"4280","Python"
"4281","RS"
"4282","BigData"
"4283","Analytics"
"4284","DataScience"
"4285","AI"
"4286","MachineLearning"
"4287","IoT"
"4288","IIoT"
"4289","Python"
"4290","RS"
"4291","innovation"
"4292","DataScience"
"4293","VisualAnalytics"
"4294","cybersec"
"4295","DataScience"
"4296","ArtificialIntelligence"
"4297","MachineLearning"
"4298","BigData"
"4299","IoT"
"4300","Python"
"4301","RStats"
"4302","JavaScript"
"4303","Reac"
"4304","ArtificialIntelligence"
"4305","Linux"
"4306","ML"
"4307","DataScience"
"4308","programming"
"4309","DeepLearning"
"4310","AI"
"4311","MachineLear"
"4312","DataScience"
"4313","MachineLearning"
"4314","A"
"4315","DataScience"
"4316","MachineLearning"
"4317","DeepLearning"
"4318","javascript"
"4319","webdevelopment"
"4320","Nodejs"
"4321","CodeNewbies"
"4322","codi"
"4323","RT"
"4324","BigData"
"4325","Analytics"
"4326","DataScience"
"4327","AI"
"4328","MachineLearning"
"4329","artificialintelligence"
"4330","datascience"
"4331","machinelearning"
"4332","BigData"
"4333","IoT"
"4334","Python"
"4335","RStats"
"4336","Java"
"4337","JavaScrip"
"4338","artificialintelligence"
"4339","datascience"
"4340","machinelearning"
"4341","BigData"
"4342","IoT"
"4343","Python"
"4344","RStats"
"4345","Java"
"4346","JavaScrip"
"4347","Python"
"4348","DataScience"
"4349","artificialintelligence"
"4350","datascience"
"4351","machinelearning"
"4352","BigData"
"4353","IoT"
"4354","Python"
"4355","RStats"
"4356","Java"
"4357","JavaScrip"
"4358","BigData"
"4359","Analytics"
"4360","DataScience"
"4361","IoT"
"4362","IIoT"
"4363","PyTorch"
"4364","Python"
"4365","RStats"
"4366","Tensor"
"4367","Scientists"
"4368","ArtificialIntelligence"
"4369","AI"
"4370","Cardiovascular"
"4371","Disease"
"4372","Billing"
"4373","Software"
"4374","Business"
"4375","Innovation"
"4376","bigdata"
"4377","AI"
"4378","IoT"
"4379","ArtificialIntelligence"
"4380","Linux"
"4381","ML"
"4382","DataScience"
"4383","programming"
"4384","DeepLearning"
"4385","AI"
"4386","MachineLear"
"4387","PrestoDB"
"4388","BigDataAnalytics"
"4389","DeepLearning"
"4390","NeuralNetworks"
"4391","Mach"
"4392","ArtificialIntelligence"
"4393","Linux"
"4394","ML"
"4395","DataScience"
"4396","programming"
"4397","DeepLearning"
"4398","AI"
"4399","MachineLear"
"4400","ArtificialIntelligence"
"4401","Linux"
"4402","ML"
"4403","DataScience"
"4404","programming"
"4405","DeepLearning"
"4406","AI"
"4407","MachineLear"
"4408","ScienceDesDonn"
"4409","IntelligenceArtific"
"4410","BigData"
"4411","Data"
"4412","Analytics"
"4413","DataScience"
"4414","Io"
"4415","BigData"
"4416","Data"
"4417","Analytics"
"4418","DataScience"
"4419","Io"
"4420","IoT"
"4421","flutter"
"4422","javascript"
"4423","Serverless"
"4424","womenwhocode"
"4425","Machinelearning"
"4426","Python"
"4427","cybersecurity"
"4428","IoT"
"4429","flutter"
"4430","javascript"
"4431","Serverless"
"4432","womenwhocode"
"4433","Machinelearning"
"4434","Python"
"4435","cybersecurity"
"4436","IoT"
"4437","flutter"
"4438","javascript"
"4439","Serverless"
"4440","womenwhocode"
"4441","Machinelearning"
"4442","Python"
"4443","ArtificialIntelligence"
"4444","AI"
"4445","Machin"
"4446","BigData"
"4447","Analytics"
"4448","BigData"
"4449","Analytics"
"4450","ArtificialIntelligence"
"4451","AI"
"4452","ArtificialIntelligence"
"4453","AI"
"4454","ArtificialIntelligence"
"4455","AI"
"4456","ArtificialIntelligence"
"4457","AI"
"4458","ArtificialIntelligence"
"4459","AI"
"4460","ArtificialIntelligence"
"4461","AI"
"4462","AI"
"4463","BigData"
"4464","MachineLearning"
"4465","ArtificialIntelligence"
"4466","ML"
"4467","MI"
"4468","ArtificialIntelligence"
"4469","Linux"
"4470","ML"
"4471","DataScience"
"4472","programming"
"4473","DeepLearning"
"4474","AI"
"4475","MachineLear"
"4476","BigData"
"4477","Analytics"
"4478","DataScience"
"4479","AI"
"4480","MachineLearning"
"4481","IoT"
"4482","IIoT"
"4483","ArtificialIntelligence"
"4484","AI"
"4485","MachineLearning"
"4486","DeepLearning"
"4487","Python"
"4488","DataScience"
"4489","BigData"
"4490","DataAnalytics"
"4491","ArtificialIntelligence"
"4492","AI"
"4493","MachineLearning"
"4494","DeepLearning"
"4495","Python"
"4496","DataScience"
"4497","BigData"
"4498","DataAnalytics"
"4499","ArtificialIntelligence"
"4500","AI"
"4501","DataScientist"
"4502","INFOGRAPHICS"
"4503","MachineLearning"
"4504","AI"
"4505","DataAnalytics"
"4506","Data"
"4507","ArtificialIntelligence"
"4508","AI"
"4509","MachineLearning"
"4510","DeepLearning"
"4511","Python"
"4512","DataScience"
"4513","BigData"
"4514","DataAnalytics"
"4515","DataScience"
"4516","MachineLearning"
"4517","DeepLearning"
"4518","ArtificialIntelligence"
"4519","AI"
"4520","MachineLearning"
"4521","DeepLearning"
"4522","Python"
"4523","DataScience"
"4524","BigData"
"4525","DataAnalytics"
"4526","ArtificialIntelligence"
"4527","Linux"
"4528","ML"
"4529","DataScience"
"4530","programming"
"4531","DeepLearning"
"4532","AI"
"4533","MachineLear"
"4534","datascience"
"4535","ArtificialIntelligence"
"4536","Linux"
"4537","ML"
"4538","DataScience"
"4539","programming"
"4540","DeepLearning"
"4541","AI"
"4542","MachineLear"
"4543","ArtificialIntelligence"
"4544","Linux"
"4545","ML"
"4546","DataScience"
"4547","programming"
"4548","DeepLearning"
"4549","AI"
"4550","MachineLear"
"4551","DataScience"
"4552","BigData"
"4553","AI"
"4554","ML"
"4555","DataScience"
"4556","Python"
"4557","ScienceDesDonn"
"4558","IntelligenceArtific"
"4559","ScienceDesDonn"
"4560","BigData"
"4561","Data"
"4562","Analytics"
"4563","DataScience"
"4564","Io"
"4565","programmingjoke"
"4566","code"
"4567","coding"
"4568","javascript"
"4569","python"
"4570","datascience"
"4571","programming"
"4572","programmer"
"4573","joke"
"4574","programmingjoke"
"4575","code"
"4576","coding"
"4577","javascript"
"4578","python"
"4579","datascience"
"4580","programming"
"4581","programmer"
"4582","joke"
"4583","programmingjoke"
"4584","code"
"4585","coding"
"4586","javascript"
"4587","python"
"4588","datascience"
"4589","programming"
"4590","programmer"
"4591","joke"
"4592","programmingjoke"
"4593","code"
"4594","coding"
"4595","javascript"
"4596","python"
"4597","datascience"
"4598","programming"
"4599","programmer"
"4600","joke"
"4601","programmingjoke"
"4602","code"
"4603","coding"
"4604","javascript"
"4605","python"
"4606","datascience"
"4607","programming"
"4608","programmer"
"4609","joke"
"4610","programmingjoke"
"4611","code"
"4612","coding"
"4613","javascript"
"4614","python"
"4615","datascience"
"4616","programming"
"4617","programmer"
"4618","joke"
"4619","BigData"
"4620","Data"
"4621","Analytics"
"4622","DataScience"
"4623","Io"
"4624","dataviz"
"4625","DataScience"
"4626","DataVisualization"
"4627","ArtificialIntelligence"
"4628","Linux"
"4629","ML"
"4630","DataScience"
"4631","programming"
"4632","DeepLearning"
"4633","AI"
"4634","MachineLear"
"4635","ArtificialIntelligence"
"4636","Linux"
"4637","ML"
"4638","DataScience"
"4639","programming"
"4640","DeepLearning"
"4641","AI"
"4642","MachineLear"
"4643","ArtificialIntelligence"
"4644","Linux"
"4645","ML"
"4646","DataScience"
"4647","programming"
"4648","DeepLearning"
"4649","AI"
"4650","MachineLear"
"4651","ArtificialIntelligence"
"4652","Linux"
"4653","ML"
"4654","DataScience"
"4655","programming"
"4656","DeepLearning"
"4657","AI"
"4658","MachineLear"
"4659","ArtificialIntelligence"
"4660","Linux"
"4661","ML"
"4662","DataScience"
"4663","programming"
"4664","DeepLearning"
"4665","AI"
"4666","MachineLear"
"4667","ArtificialIntelligence"
"4668","Linux"
"4669","ML"
"4670","DataScience"
"4671","programming"
"4672","DeepLearning"
"4673","AI"
"4674","MachineLear"
"4675","theinsaneapp"
"4676","MachineLearn"
"4677","Projects"
"4678","WebDeveloper"
"4679","Machinelearning"
"4680","ML"
"4681","Python"
"4682","theinsaneapp"
"4683","MachineLearn"
"4684","DataScience"
"4685","abdsc"
"4686","Rstats"
"4687","Stati"
"4688","DEVCommunity"
"4689","IoT"
"4690","Machinelearning"
"4691","Pyt"
"4692","ArtificialIntelligence"
"4693","Linux"
"4694","ML"
"4695","DataScience"
"4696","programming"
"4697","DeepLearning"
"4698","AI"
"4699","MachineLear"
"4700","ArtificialIntelligence"
"4701","Linux"
"4702","ML"
"4703","DataScience"
"4704","programming"
"4705","DeepLearning"
"4706","AI"
"4707","MachineLear"
"4708","ArtificialIntelligence"
"4709","Linux"
"4710","ML"
"4711","DataScience"
"4712","programming"
"4713","DeepLearning"
"4714","AI"
"4715","MachineLear"
"4716","ArtificialIntelligence"
"4717","Linux"
"4718","ML"
"4719","DataScience"
"4720","programming"
"4721","DeepLearning"
"4722","AI"
"4723","MachineLear"
"4724","Analytics"
"4725","BigData"
"4726","DataScience"
"4727","AI"
"4728","MachineLearnin"
"4729","ArtificialIntelligence"
"4730","Linux"
"4731","ML"
"4732","DataScience"
"4733","programming"
"4734","DeepLearning"
"4735","AI"
"4736","AI"
"4737","ML"
"4738","DataScience"
"4739","Python"
"4740","BigData"
"4741","Analytics"
"4742","BigData"
"4743","Analytics"
"4744","DataScience"
"4745","AI"
"4746","MachineLearning"
"4747","IIoT"
"4748","AI"
"4749","MachineLearning"
"4750","DeepLearning"
"4751","DataS"
"4752","DeepLearning"
"4753","Analytics"
"4754","DataScienc"
"4755","BigData"
"4756","Analytics"
"4757","DeepLearning"
"4758","Analytics"
"4759","DataScienc"
"4760","BigData"
"4761","Analytics"
"4762","ArtificialIntelligence"
"4763","AI"
"4764","Machin"
"4765","BigData"
"4766","Analytics"
"4767","BigData"
"4768","Data"
"4769","Analytics"
"4770","DataScience"
"4771","Io"
"4772","BigData"
"4773","Analytics"
"4774","DataScience"
"4775","AI"
"4776","MachineLearning"
"4777","IIoT"
"4778","programmingjoke"
"4779","code"
"4780","coding"
"4781","javascript"
"4782","python"
"4783","datascience"
"4784","programming"
"4785","programmer"
"4786","joke"
"4787","programmingjoke"
"4788","code"
"4789","coding"
"4790","javascript"
"4791","python"
"4792","datascience"
"4793","programming"
"4794","programmer"
"4795","joke"
"4796","programmingjoke"
"4797","code"
"4798","coding"
"4799","javascript"
"4800","python"
"4801","datascience"
"4802","programming"
"4803","programmer"
"4804","joke"
"4805","FastAPI"
"4806","MachineLearning"
"4807","BigData"
"4808","Analytics"
"4809","DataScience"
"4810","AI"
"4811","IoT"
"4812","IIoT"
"4813","BigData"
"4814","Data"
"4815","Analytics"
"4816","DataScience"
"4817","Io"
"4818","BigData"
"4819","Data"
"4820","Analytics"
"4821","DataScience"
"4822","Io"
"4823","BigData"
"4824","Data"
"4825","Analytics"
"4826","DataScience"
"4827","Io"
"4828","programmingjoke"
"4829","code"
"4830","coding"
"4831","javascript"
"4832","python"
"4833","datascience"
"4834","programming"
"4835","programmer"
"4836","joke"
"4837","BigData"
"4838","Analytics"
"4839","DataScience"
"4840","AI"
"4841","MachineLearning"
"4842","IIoT"
"4843","Deloitte"
"4844","MachineLearning"
"4845","Ar"
"4846","programmingjoke"
"4847","code"
"4848","coding"
"4849","javascript"
"4850","python"
"4851","datascience"
"4852","programming"
"4853","programmer"
"4854","joke"
"4855","programmingjoke"
"4856","code"
"4857","coding"
"4858","javascript"
"4859","python"
"4860","datascience"
"4861","programming"
"4862","programmer"
"4863","joke"
"4864","BigData"
"4865","Analytics"
"4866","BigData"
"4867","Analytics"
"4868","BigData"
"4869","Analytics"
"4870","ApacheSpark"
"4871","BigData"
"4872","Analytics"
"4873","DataScience"
"4874","Hadoop"
"4875","IoT"
"4876","IIoT"
"4877","Python"
"4878","ApacheSpark"
"4879","BigData"
"4880","Analytics"
"4881","DataScience"
"4882","Hadoop"
"4883","IoT"
"4884","IIoT"
"4885","Python"
"4886","BigData"
"4887","Data"
"4888","Analytics"
"4889","DataScience"
"4890","Io"
"4891","BigData"
"4892","Data"
"4893","Analytics"
"4894","DataScience"
"4895","Io"
"4896","rstats"
"4897","DataScience"
"4898","DataScience"
"4899","ApacheSpark"
"4900","BigData"
"4901","Analytics"
"4902","DataScience"
"4903","Hadoop"
"4904","IoT"
"4905","IIoT"
"4906","Python"
"4907","MachineLearning"
"4908","Python"
"4909","bigdata"
"4910","businessanalytics"
"4911","compliance"
"4912","Python"
"4913","FEATURED"
"4914","COURSES"
"4915","Data"
"4916","Science"
"4917","DataScience"
"4918","Statistical"
"4919","analysis"
"4920","Py"
"4921","BigData"
"4922","Data"
"4923","Analytics"
"4924","DataScience"
"4925","Io"
"4926","BigData"
"4927","Data"
"4928","Analytics"
"4929","DataScience"
"4930","Io"
"4931","BigData"
"4932","Data"
"4933","Analytics"
"4934","DataScience"
"4935","Io"
"4936","BigData"
"4937","Data"
"4938","Analytics"
"4939","DataScience"
"4940","Io"
"4941","BigData"
"4942","Data"
"4943","Analytics"
"4944","DataScience"
"4945","Io"
"4946","BigData"
"4947","Data"
"4948","Analytics"
"4949","Python"
"4950","Python"
"4951","BigData"
"4952","Data"
"4953","Analytics"
"4954","DataScience"
"4955","Io"
"4956","udemycoupon"
"4957","DataScience"
"4958","codenewbies"
"4959","FR"
"4960","BigData"
"4961","Data"
"4962","Analytics"
"4963","DataScience"
"4964","Io"
"4965","jobs"
"4966","Tech"
"4967","AR"
"4968","Operation"
"4969","IT"
"4970","AI"
"4971","AutonomousCars"
"4972","SMM"
"4973","Cloud"
"4974","BigData"
"4975","Ana"
"4976","BigData"
"4977","Data"
"4978","Analytics"
"4979","DataScience"
"4980","Io"
"4981","BigData"
"4982","Data"
"4983","Analytics"
"4984","DataScience"
"4985","Io"
"4986","BigData"
"4987","Data"
"4988","Analytics"
"4989","DataScience"
"4990","Io"
"4991","BigData"
"4992","Data"
"4993","Analytics"
"4994","DataScience"
"4995","Io"
"4996","BigData"
"4997","BigData"
"4998","BigData"
"4999","Data"
"5000","Analytics"
"5001","DeepLearning"
"5002","Analytics"
"5003","DataScienc"
"5004","DataScientist"
"5005","INFOGRAPHICS"
"5006","MachineLearning"
"5007","AI"
"5008","DataAnalytics"
"5009","Data"
"5010","dataviz"
"5011","DataScience"
"5012","DataVisualization"
"5013","Megatrends"
"5014","investing"
"5015","markets"
"5016","ESG"
"5017","greenenergy"
"5018","Sustaina"
"5019","PublicHealth"
"5020","DataScience"
"5021","Healthcare"
"5022","PopulationHealth"
"5023","Health"
"5024","Medical"
"5025","An"
"5026","PublicHealth"
"5027","DataScience"
"5028","Healthcare"
"5029","PopulationHealth"
"5030","Health"
"5031","Medical"
"5032","An"
"5033","MachineLearning"
"5034","BigData"
"5035","Analytics"
"5036","DataScience"
"5037","IoT"
"5038","IIoT"
"5039","OpenShift"
"5040","Python"
"5041","RStats"
"5042","JavaScript"
"5043","ReactJS"
"5044","DataScience"
"5045","data"
"5046","science"
"5047","datascience"
"5048","Machinelearning"
"5049","IoT"
"5050","excelpro"
"5051","learnexcel"
"5052","exceltips"
"5053","excel_learning"
"5054","excel"
"5055","spreadsheet"
"5056","Machinelearning"
"5057","IoT"
"5058","Machinelearning"
"5059","IoT"
"5060","AI"
"5061","AIBootcamp"
"5062","Machinelearning"
"5063","IoT"
"5064","Infographic"
"5065","DataScientist"
"5066","MachineLea"
"5067","DeepLearning"
"5068","Analytics"
"5069","DataScienc"
"5070","data"
"5071","science"
"5072","datascience"
"5073","data"
"5074","science"
"5075","datascience"
"5076","MachineLearning"
"5077","BigData"
"5078","DataScience"
"5079","AI"
"5080","Ap"
"5081","programming"
"5082","Python"
"5083","JavaScript"
"5084","blockchain"
"5085","MachineLearning"
"5086","Algorithms"
"5087","Mathematics"
"5088","August"
"5089","PS"
"5090","DataScience"
"5091","MachineL"
"5092","ArtificialIntelligence"
"5093","ArtificialIntelligence"
"5094","datascience"
"5095","Deloitte"
"5096","javascript"
"5097","webdevelopment"
"5098","Nodejs"
"5099","CodeNewbies"
"5100","codingl"
"5101","data"
"5102","science"
"5103","da"
"5104","Flutter"
"5105","Linux"
"5106","Cprogramming"
"5107","Algorithm"
"5108","DataStructures"
"5109","Flutter"
"5110","Linux"
"5111","Cprogramming"
"5112","Algorithm"
"5113","DataStructures"
"5114","ArtificialIntelligence"
"5115","AI"
"5116","SyntheticBiology"
"5117","Genomics"
"5118","Genetics"
"5119","PrecisionMedicine"
"5120","DataScience"
"5121","B"
"5122","Flutter"
"5123","Linux"
"5124","Cprogramming"
"5125","Algorithm"
"5126","DataStructures"
"5127","feminine"
"5128","logo"
"5129","Python"
"5130","javascript"
"5131","Nodejs"
"5132","Serverle"
"5133","BigData"
"5134","DataAnalysis"
"5135","DataScience"
"5136","Dat"
"5137","Flutter"
"5138","Linux"
"5139","Cprogramming"
"5140","Algorithm"
"5141","DataStructures"
"5142","EmergingTech"
"5143","BigData"
"5144","Analytics"
"5145","DataScience"
"5146","AI"
"5147","MachineLearning"
"5148","Io"
"5149","DataScience"
"5150","MachineLearning"
"5151","LogisticRegression"
"5152","LearnDataSci"
"5153","darknet"
"5154","I"
"5155","Tor"
"5156","Deepweb"
"5157","Darkweb"
"5158","Freenet"
"5159","BigData"
"5160","Analytics"
"5161","DataScience"
"5162","A"
"5163","BigData"
"5164","Analytics"
"5165","DataScience"
"5166","AI"
"5167","Mac"
"5168","mockup"
"5169","tshirts"
"5170","Python"
"5171","javascript"
"5172","No"
"5173","Algorithms"
"5174","Mathematics"
"5175","DataScience"
"5176","MachineLearning"
"5177","LogisticRegression"
"5178","LearnDataScience"
"5179","AI"
"5180","BigData"
"5181","Analytics"
"5182","DataScience"
"5183","AI"
"5184","MachineLearning"
"5185","NLProc"
"5186","I"
"5187","BigData"
"5188","Analytics"
"5189","DataScience"
"5190","AI"
"5191","MachineLearning"
"5192","NLProc"
"5193","I"
"5194","BigData"
"5195","Analytics"
"5196","DataScience"
"5197","AI"
"5198","MachineLearning"
"5199","NLProc"
"5200","I"
